
[1m== local dependency mirror ==[0m
   firmware package version: 1656
   supported firmwares     : usb-ma2450 usb-ma2x8x pcie-ma248x
wrote firmware_usb-ma2450_1656.zip (mvnc/usb-ma2450.mvcmd, 1795780 B)
wrote firmware_usb-ma2x8x_1656.zip (mvnc/usb-ma2x8x.mvcmd, 2040216 B)
wrote firmware_pcie-ma248x_1656.zip (mvnc/pcie-ma248x.mvcmd, 1800408 B)

local dependency mirror (/home/chris/workspace/flash-movidius-openvino/openvino-2020.3-rpi5/vendor/deps):
total 2740
-rw-rw-r-- 1 chris chris  883723 Sep 20 01:55 firmware_pcie-ma248x_1656.zip
-rw-rw-r-- 1 chris chris  909254 Sep 20 01:55 firmware_usb-ma2450_1656.zip
-rw-rw-r-- 1 chris chris 1010192 Sep 20 01:55 firmware_usb-ma2x8x_1656.zip

[1m== reset vendor/openvino-2020.3.2 to pristine and apply patches/ ==[0m
   patches/0001-cross-compile-skip-host-protoc.patch applies cleanly (applied inside the build)
   patches/0002-ade-gcc10-no-error-warnings.patch applies cleanly (applied inside the build)
SYNC_STAMP=0b3773b7405d955d48642667ac5113289b9baab2+88dea63fa029473b396433ac0b61ff2547611a74a9e3eeeb5721552bbce6a2e1

[1m== docker build -> openvino-2020.3-rpi5:latest ==[0m
#0 building with "default" instance using docker driver

#1 [internal] load build definition from Dockerfile
#1 transferring dockerfile: 12.44kB done
#1 DONE 0.1s

#2 resolve image config for docker-image://docker.io/docker/dockerfile:1.4
#2 DONE 0.5s

#3 docker-image://docker.io/docker/dockerfile:1.4@sha256:9ba7531bd80fb0a858632727cf7a112fbfd19b17e94c4e84ced81e24ef1a0dbc
#3 resolve docker.io/docker/dockerfile:1.4@sha256:9ba7531bd80fb0a858632727cf7a112fbfd19b17e94c4e84ced81e24ef1a0dbc 0.1s done
#3 CACHED

#4 [internal] load .dockerignore
#4 transferring context: 471B done
#4 DONE 0.1s

#5 [internal] load metadata for docker.io/arm32v7/debian:bullseye
#5 DONE 0.2s

#6 [internal] load build context
#6 DONE 0.0s

#7 [build-deps 1/5] FROM docker.io/arm32v7/debian:bullseye@sha256:fd8cf33bb1a98570e0f482f39a796b16b699ed6fd0d23b179f3586e0fd0a65f2
#7 resolve docker.io/arm32v7/debian:bullseye@sha256:fd8cf33bb1a98570e0f482f39a796b16b699ed6fd0d23b179f3586e0fd0a65f2 0.1s done
#7 DONE 0.1s

#6 [internal] load build context
#6 transferring context: 3.88MB 0.3s done
#6 DONE 0.5s

#8 [build-deps 2/5] RUN set -eux;     printf 'deb http://snapshot.debian.org/archive/debian/%s bullseye main\ndeb http://snapshot.debian.org/archive/debian-security/%s bullseye-security main\ndeb http://snapshot.debian.org/archive/debian/%s bullseye-updates main\n'         "20260824T000000Z" "20260824T000000Z" "20260824T000000Z" > /etc/apt/sources.list;     apt -o Acquire::Retries=5 -o Acquire::Check-Valid-Until=false -o Acquire::Check-Date=false update;     apt-get -o Acquire::Retries=5 install -y --no-install-recommends         build-essential         cmake         pkg-config         patch         git         ca-certificates         libusb-1.0-0-dev         zlib1g-dev         python3         python3-venv;     rm -rf /var/lib/apt/lists/*
#8 CACHED

#9 [build-deps 3/5] RUN python3 -m venv /opt/venv
#9 CACHED

#10 [build-deps 4/5] COPY requirements-build.txt /tmp/requirements-build.txt
#10 CACHED

#11 [build-deps 5/5] RUN pip install --no-cache-dir -r /tmp/requirements-build.txt;     rm -rf /root/.cache/pip;     python -c 'import sys; print("venv python:", sys.executable, sys.version)'
#11 CACHED

#12 [configure 1/3] RUN mkdir -p /work/src /work/build /work/stage
#12 CACHED

#13 [configure 2/3] RUN --mount=type=bind,source=vendor/openvino-2020.3.2,target=/work/src-ro     --mount=type=bind,source=patches,target=/work/patches-ro     --mount=type=bind,source=toolchain,target=/work/toolchain-ro     --mount=type=cache,target=/work/src     set -eux;     if [ -f /work/src/.sync_stamp ] && [ "$(cat /work/src/.sync_stamp)" = "0b3773b7405d955d48642667ac5113289b9baab2+88dea63fa029473b396433ac0b61ff2547611a74a9e3eeeb5721552bbce6a2e1" ]; then         echo "reusing patched source tree (stamp: 0b3773b7405d955d48642667ac5113289b9baab2+88dea63fa029473b396433ac0b61ff2547611a74a9e3eeeb5721552bbce6a2e1)";     else         echo "re-syncing source tree (stamp: 0b3773b7405d955d48642667ac5113289b9baab2+88dea63fa029473b396433ac0b61ff2547611a74a9e3eeeb5721552bbce6a2e1)";         find /work/src -mindepth 1 -delete;         cp -a /work/src-ro/. /work/src/;         if [ "1" = "1" ]; then             for p in $(ls /work/patches-ro/*.patch 2>/dev/null | sort); do                 echo "applying ${p}";                 patch -p1 -d /work/src --quiet < "${p}";             done;         else             echo "APPLY_PATCHES=1: leaving the vendor tree unpatched";         fi;         printf '%s' "0b3773b7405d955d48642667ac5113289b9baab2+88dea63fa029473b396433ac0b61ff2547611a74a9e3eeeb5721552bbce6a2e1" > /work/src/.sync_stamp;     fi;     cmake --version; gcc --version | head -1
#13 CACHED

#14 [configure 3/3] RUN --mount=type=bind,source=toolchain,target=/work/toolchain-ro     --mount=type=bind,source=vendor/deps,target=/work/deps     --mount=type=cache,target=/work/src     --mount=type=cache,target=/work/build     set -eux;     test -f /work/src/CMakeLists.txt;     test "$(cat /work/src/.sync_stamp)" = "0b3773b7405d955d48642667ac5113289b9baab2+88dea63fa029473b396433ac0b61ff2547611a74a9e3eeeb5721552bbce6a2e1"         || { echo "source cache does not match SYNC_STAMP - rebuild with --no-cache"; exit 1; };     cmake -S /work/src -B /work/build         -DCMAKE_BUILD_TYPE=Release         -DCMAKE_TOOLCHAIN_FILE=/work/toolchain-ro/armv7-native.toolchain.cmake         -DCMAKE_INSTALL_PREFIX=/work/stage         -DTHREADS_PTHREAD_ARG=-pthread         -DCMAKE_EXE_LINKER_FLAGS=-pthread         -DCMAKE_SHARED_LINKER_FLAGS=-pthread         -DENABLE_VPU=ON         -DENABLE_MYRIAD=ON         -DENABLE_MYRIAD_NO_BOOT=OFF         -DENABLE_INTEL_MYRIAD_COMMON_ENABLE=ON         -DENABLE_IR_READER=ON         -DENABLE_GNA=OFF         -DENABLE_MKL_DNN=OFF         -DENABLE_CLDNN=OFF         -DENABLE_OPENCV=OFF         -DENABLE_SAMPLES=OFF         -DENABLE_TESTS=OFF         -DENABLE_FUNCTIONAL_TESTS=OFF         -DENABLE_BEH_TESTS=OFF         -DENABLE_PYTHON=OFF         -DENABLE_PROFILING_ITT=OFF         -DENABLE_DEBUG_SYMBOLS=OFF         -DENABLE_LTO=OFF         -DTHREADING=SEQ         -DNGRAPH_UNIT_TEST_ENABLE=FALSE         -DNGRAPH_ONNX_IMPORT_ENABLE=FALSE         -DNGRAPH_INTERPRETER_ENABLE=TRUE;     grep -E 'TARGET_ARCH|CMAKE_SYSTEM_PROCESSOR|CMAKE_CROSSCOMPILING|Enabling VPU|VPU firmware|Myriad|THREADING|ARCH'         /work/build/CMakeCache.txt /work/build/CMakeFiles/CMakeOutput.log 2>/dev/null || true;     ls -l /work/build
#14 0.333 + test -f /work/src/CMakeLists.txt
#14 0.333 + cat /work/src/.sync_stamp
#14 0.333 + test 0b3773b7405d955d48642667ac5113289b9baab2+88dea63fa029473b396433ac0b61ff2547611a74a9e3eeeb5721552bbce6a2e1 = 0b3773b7405d955d48642667ac5113289b9baab2+88dea63fa029473b396433ac0b61ff2547611a74a9e3eeeb5721552bbce6a2e1
#14 0.333 + cmake -S /work/src -B /work/build -DCMAKE_BUILD_TYPE=Release -DCMAKE_TOOLCHAIN_FILE=/work/toolchain-ro/armv7-native.toolchain.cmake -DCMAKE_INSTALL_PREFIX=/work/stage -DTHREADS_PTHREAD_ARG=-pthread -DCMAKE_EXE_LINKER_FLAGS=-pthread -DCMAKE_SHARED_LINKER_FLAGS=-pthread -DENABLE_VPU=ON -DENABLE_MYRIAD=ON -DENABLE_MYRIAD_NO_BOOT=OFF -DENABLE_INTEL_MYRIAD_COMMON_ENABLE=ON -DENABLE_IR_READER=ON -DENABLE_GNA=OFF -DENABLE_MKL_DNN=OFF -DENABLE_CLDNN=OFF -DENABLE_OPENCV=OFF -DENABLE_SAMPLES=OFF -DENABLE_TESTS=OFF -DENABLE_FUNCTIONAL_TESTS=OFF -DENABLE_BEH_TESTS=OFF -DENABLE_PYTHON=OFF -DENABLE_PROFILING_ITT=OFF -DENABLE_DEBUG_SYMBOLS=OFF -DENABLE_LTO=OFF -DTHREADING=SEQ -DNGRAPH_UNIT_TEST_ENABLE=FALSE -DNGRAPH_ONNX_IMPORT_ENABLE=FALSE -DNGRAPH_INTERPRETER_ENABLE=TRUE
#14 0.357 fatal: not a git repository (or any parent up to mount point /work)
#14 0.357 Stopping at filesystem boundary (GIT_DISCOVERY_ACROSS_FILESYSTEM not set).
#14 0.358 fatal: not a git repository (or any parent up to mount point /work)
#14 0.358 Stopping at filesystem boundary (GIT_DISCOVERY_ACROSS_FILESYSTEM not set).
#14 0.364 -- CMAKE_BUILD_TYPE: Release
#14 0.366 fatal: not a git repository (or any parent up to mount point /work)
#14 0.366 Stopping at filesystem boundary (GIT_DISCOVERY_ACROSS_FILESYSTEM not set).
#14 0.367 fatal: not a git repository (or any parent up to mount point /work)
#14 0.367 Stopping at filesystem boundary (GIT_DISCOVERY_ACROSS_FILESYSTEM not set).
#14 0.368 -- Detected 32 bit architecture
#14 0.368 -- Inference Engine enabled features: 
#14 0.368 -- 
#14 0.368 --     CI_BUILD_NUMBER: custom__
#14 0.368 --     ENABLE_MKL_DNN = OFF
#14 0.368 --     ENABLE_CLDNN = OFF
#14 0.368 --     ENABLE_LTO = OFF
#14 0.368 --     OS_FOLDER = OFF
#14 0.368 --     TREAT_WARNING_AS_ERROR = OFF
#14 0.368 --     ENABLE_SANITIZER = OFF
#14 0.368 --     ENABLE_THREAD_SANITIZER = OFF
#14 0.368 --     COVERAGE = OFF
#14 0.368 --     ENABLE_SSE42 = OFF
#14 0.368 --     ENABLE_AVX2 = OFF
#14 0.368 --     ENABLE_AVX512F = OFF
#14 0.368 -- 
#14 0.368 -- DL_SDK_TEMP environment is set : /work/stage
#14 0.371 -- Could NOT find Wget (missing: WGET_EXECUTABLE) 
#14 0.371 -- PROJECT ............................... OpenVINO
#14 0.371 -- CMAKE_BINARY_DIR ...................... /work/build
#14 0.371 -- OpenVINO_MAIN_SOURCE_DIR .............. /work/src
#14 0.371 -- IE_MAIN_SOURCE_DIR .............. /work/src/inference-engine
#14 0.371 -- CMAKE_GENERATOR ....................... Unix Makefiles
#14 0.371 -- CMAKE_C_COMPILER_ID ................... GNU
#14 0.371 -- CMAKE_BUILD_TYPE ...................... Release
#14 0.389 -- Current hash 
#14 0.389 -- NGRAPH_VERSION 0.0.0+custom-build
#14 0.389 -- NGRAPH_VERSION_SHORT 0.0.0
#14 0.389 -- NGRAPH_WHEEL_VERSION 0.0.0
#14 0.389 -- NGRAPH_API_VERSION 0.0
#14 0.390 -- NGRAPH_CODE_COVERAGE_ENABLE:          OFF
#14 0.390 -- NGRAPH_CPU_ENABLE:                    OFF
#14 0.390 -- NGRAPH_CPU_STATIC_LIB_ENABLE:         OFF
#14 0.390 -- NGRAPH_DEBUG_ENABLE:                  OFF
#14 0.390 -- NGRAPH_DEPRECATED_ENABLE:             OFF
#14 0.390 -- NGRAPH_DEX_ONLY:                      OFF
#14 0.390 -- NGRAPH_DOC_BUILD_ENABLE:              OFF
#14 0.390 -- NGRAPH_DYNAMIC_COMPONENTS_ENABLE:     OFF
#14 0.390 -- NGRAPH_ENABLE_CPU_CONV_AUTO:          OFF
#14 0.390 -- NGRAPH_EXPORT_TARGETS_ENABLE:         ON
#14 0.390 -- NGRAPH_GENERIC_CPU_ENABLE:            OFF
#14 0.390 -- NGRAPH_GPU_ENABLE:                    OFF
#14 0.390 -- NGRAPH_INTERPRETER_ENABLE:            ON
#14 0.390 -- NGRAPH_INTERPRETER_STATIC_LIB_ENABLE: OFF
#14 0.390 -- NGRAPH_JSON_ENABLE:                   OFF
#14 0.390 -- NGRAPH_LIB_VERSIONING_ENABLE:         OFF
#14 0.390 -- NGRAPH_MLIR_ENABLE:                   OFF
#14 0.390 -- NGRAPH_NATIVE_ARCH_ENABLE:            OFF
#14 0.390 -- NGRAPH_NOP_ENABLE:                    OFF
#14 0.390 -- NGRAPH_ONNX_IMPORT_ENABLE:            OFF
#14 0.390 -- NGRAPH_PLAIDML_ENABLE:                OFF
#14 0.390 -- NGRAPH_PLAIDML_STATIC_LIB_ENABLE:     OFF
#14 0.390 -- NGRAPH_PYTHON_BUILD_ENABLE:           OFF
#14 0.390 -- NGRAPH_STATIC_LIB_ENABLE:             OFF
#14 0.390 -- NGRAPH_STRICT_ERROR_CHECKING:         OFF
#14 0.390 -- NGRAPH_USE_LEGACY_MKLDNN:             OFF
#14 0.390 -- NGRAPH_TEST_UTIL_ENABLE:              ON
#14 0.390 -- NGRAPH_TOOLS_ENABLE:                  OFF
#14 0.390 -- NGRAPH_UNIT_TEST_ENABLE:              OFF
#14 0.390 -- NGRAPH_USE_LEGACY_MKLDNN:             OFF
#14 0.390 -- NGRAPH_USE_PREBUILT_LLVM:             OFF
#14 0.390 -- NGRAPH_USE_PREBUILT_MLIR:             OFF
#14 0.390 -- NGRAPH_WARNINGS_AS_ERRORS:            OFF
#14 0.390 -- NGRAPH_CXX_STANDARD:                  11
#14 0.390 -- NGRAPH_FORWARD_CMAKE_ARGS -DCMAKE_C_COMPILER=/usr/bin/gcc;-DCMAKE_CXX_COMPILER=/usr/bin/g++;-DCMAKE_CXX_STANDARD:STRING=11;-DCMAKE_CXX_STANDARD_REQUIRED:BOOL=ON;-DCMAKE_CXX_EXTENSIONS:BOOL=OFF;-DCMAKE_EXPORT_COMPILE_COMMANDS:BOOL=ON;-DCMAKE_POSITION_INDEPENDENT_CODE:BOOL=ON;-DCMAKE_BUILD_TYPE=Release
#14 0.393 -- Installation directory: /work/stage
#14 0.393 -- NGRAPH_COMMON_CXX_FLAGS -Wformat;-Wformat-security;-D_FORTIFY_SOURCE=2;-fstack-protector-strong;-s;-fsigned-char;-ffunction-sections;-fdata-sections;-fdiagnostics-show-option;-Wundef;-Wuninitialized;-Winit-self;-Wmaybe-uninitialized;-Wno-error=maybe-uninitialized;-Wno-error=return-type;-fPIC;-Wno-error=return-type;-Wno-undef
#14 0.393 -- NGRAPH_COMMON_C_FLAGS -Wformat;-Wformat-security;-D_FORTIFY_SOURCE=2;-fstack-protector-strong;-s;-ffunction-sections;-fdata-sections;-fdiagnostics-show-option;-Wundef;-Wuninitialized;-Winit-self;-Wmaybe-uninitialized;-Wno-error=maybe-uninitialized;-Wno-error=return-type;-fPIC;-Wno-error=return-type;-Wno-undef
#14 0.393 -- Compile Flags: -Wformat -Wformat-security -D_FORTIFY_SOURCE=2 -fstack-protector-strong -s -fsigned-char -ffunction-sections -fdata-sections -fdiagnostics-show-option -Wundef -Wuninitialized -Winit-self -Wmaybe-uninitialized -Wno-error=maybe-uninitialized -Wno-error=return-type -fPIC -Wno-error=return-type -Wno-undef -DEIGEN_MPL2_ONLY -DTBB_USE_THREADING_TOOLS
#14 0.393 -- Shared Link Flags: -pthread -Wl,--gc-sections -Wl,--exclude-libs,ALL
#14 0.393 -- CMAKE_CXX_FLAGS_RELEASE -O3 -DNDEBUG
#14 0.393 -- CMAKE_CXX_FLAGS_DEBUG -O0 -g
#14 0.418 -- tools disabled
#14 0.458 -- unit tests disabled
#14 0.463 fatal: not a git repository (or any parent up to mount point /work)
#14 0.463 Stopping at filesystem boundary (GIT_DISCOVERY_ACROSS_FILESYSTEM not set).
#14 0.464 fatal: not a git repository (or any parent up to mount point /work)
#14 0.464 Stopping at filesystem boundary (GIT_DISCOVERY_ACROSS_FILESYSTEM not set).
#14 0.468 -- Inference Engine enabled features: 
#14 0.468 -- 
#14 0.468 --     CI_BUILD_NUMBER: custom__
#14 0.468 --     ENABLE_MKL_DNN = OFF
#14 0.468 --     ENABLE_CLDNN = OFF
#14 0.468 --     ENABLE_LTO = OFF
#14 0.468 --     OS_FOLDER = OFF
#14 0.468 --     TREAT_WARNING_AS_ERROR = OFF
#14 0.468 --     ENABLE_SANITIZER = OFF
#14 0.468 --     ENABLE_THREAD_SANITIZER = OFF
#14 0.468 --     COVERAGE = OFF
#14 0.468 --     ENABLE_SSE42 = OFF
#14 0.468 --     ENABLE_AVX2 = OFF
#14 0.468 --     ENABLE_AVX512F = OFF
#14 0.468 --     ENABLE_GNA = OFF
#14 0.468 --     ENABLE_CLDNN_TESTS = OFF
#14 0.468 --     ENABLE_PROFILING_ITT = OFF
#14 0.468 --     THREADING = SEQ
#14 0.468 --     ENABLE_IR_READER = ON
#14 0.468 --     ENABLE_VPU = ON
#14 0.468 --     ENABLE_MYRIAD = ON
#14 0.468 --     ENABLE_MYRIAD_NO_BOOT = OFF
#14 0.468 --     ENABLE_TESTS = OFF
#14 0.468 --     ENABLE_GAPI_TESTS = OFF
#14 0.468 --     GAPI_TEST_PERF = OFF
#14 0.468 --     ENABLE_MYRIAD_MVNC_TESTS = OFF
#14 0.468 --     ENABLE_SAMPLES = OFF
#14 0.468 --     ENABLE_BEH_TESTS = OFF
#14 0.468 --     ENABLE_FUNCTIONAL_TESTS = OFF
#14 0.468 --     ENABLE_SAMPLES = OFF
#14 0.468 --     ENABLE_FUZZING = OFF
#14 0.468 --     VERBOSE_BUILD = OFF
#14 0.468 --     ENABLE_UNSAFE_LOCATIONS = OFF
#14 0.468 --     ENABLE_ALTERNATIVE_TEMP = ON
#14 0.468 --     ENABLE_OPENCV = OFF
#14 0.468 --     ENABLE_DEBUG_SYMBOLS = OFF
#14 0.468 --     ENABLE_PYTHON = OFF
#14 0.468 --     ENABLE_CPP_CCT = OFF
#14 0.468 --     ENABLE_C = ON
#14 0.468 --     ENABLE_CPPLINT = OFF
#14 0.468 --     ENABLE_CPPLINT_REPORT = OFF
#14 0.468 --     ENABLE_CLANG_FORMAT = OFF
#14 0.468 --     ENABLE_TBB_RELEASE_ONLY = OFF
#14 0.468 -- 
#14 0.471 -- Could NOT find Wget (missing: WGET_EXECUTABLE) 
#14 0.494 -- Could NOT find Wget (missing: WGET_EXECUTABLE) 
#14 0.496 -- Copying from local folder /work/deps/firmware_usb-ma2450_1656.zip to /work/stage/download/firmware_usb-ma2450_1656.zip ... 
#14 0.497 -- extracting...
#14 0.497          src='/work/stage/download/firmware_usb-ma2450_1656.zip'
#14 0.497          dst='/work/stage/vpu/firmware/usb-ma2450'
#14 0.497 unpacked_dir= /work/stage/vpu/firmware/usb-ma2450
#14 0.497 -- extracting... [tar xfz]
#14 0.522 -- Copying from local folder /work/deps/firmware_usb-ma2x8x_1656.zip to /work/stage/download/firmware_usb-ma2x8x_1656.zip ... 
#14 0.523 -- extracting...
#14 0.523          src='/work/stage/download/firmware_usb-ma2x8x_1656.zip'
#14 0.523          dst='/work/stage/vpu/firmware/usb-ma2x8x'
#14 0.523 unpacked_dir= /work/stage/vpu/firmware/usb-ma2x8x
#14 0.523 -- extracting... [tar xfz]
#14 0.550 -- Copying from local folder /work/deps/firmware_pcie-ma248x_1656.zip to /work/stage/download/firmware_pcie-ma248x_1656.zip ... 
#14 0.551 -- extracting...
#14 0.551          src='/work/stage/download/firmware_pcie-ma248x_1656.zip'
#14 0.551          dst='/work/stage/vpu/firmware/pcie-ma248x'
#14 0.551 unpacked_dir= /work/stage/vpu/firmware/pcie-ma248x
#14 0.551 -- extracting... [tar xfz]
#14 0.664 CMake Warning at inference-engine/samples/common/format_reader/CMakeLists.txt:26 (message):
#14 0.664   OPENCV is disabled or not found, format_reader will be built without OPENCV
#14 0.664   support
#14 0.664 
#14 0.664 
#14 0.669 -- The name ngraph::ngraph is an ALIAS for ngraph. It will be exported to the InferenceEngineDeveloperPackage with the original name.
#14 0.669 -- Register template_plugin to be built in build-plugins/template_plugin
#14 0.784 -- Configuring done
#14 1.110 -- Generating done
#14 1.215 -- Build files have been written to: /work/build
#14 1.226 + grep -E TARGET_ARCH|CMAKE_SYSTEM_PROCESSOR|CMAKE_CROSSCOMPILING|Enabling VPU|VPU firmware|Myriad|THREADING|ARCH /work/build/CMakeCache.txt /work/build/CMakeFiles/CMakeOutput.log
#14 1.228 /work/build/CMakeCache.txt:NGRAPH_NATIVE_ARCH_ENABLE:BOOL=FALSE
#14 1.228 /work/build/CMakeCache.txt:THREADING:STRING=SEQ
#14 1.228 /work/build/CMakeCache.txt://STRINGS property for variable: THREADING
#14 1.228 /work/build/CMakeCache.txt:THREADING-STRINGS:INTERNAL=TBB;TBB_AUTO;OMP;SEQ
#14 1.228 + ls -l /work/build
#14 1.229 total 580
#14 1.229 -rw-r--r--  1 root root  33314 Sep 19 23:52 CMakeCache.txt
#14 1.229 drwxr-xr-x 35 root root   4096 Sep 19 23:55 CMakeFiles
#14 1.229 -rw-r--r--  1 root root   3985 Sep 19 23:55 CPackConfig.cmake
#14 1.229 -rw-r--r--  1 root root   4406 Sep 19 23:55 CPackSourceConfig.cmake
#14 1.229 -rw-r--r--  1 root root    295 Sep 19 22:31 CTestTestfile.cmake
#14 1.229 -rw-r--r--  1 root root   2532 Sep 19 22:31 DartConfiguration.tcl
#14 1.229 -rw-rw-r--  1 root root    479 Sep 19 22:31 InferenceEngineConfig-version.cmake
#14 1.229 -rw-rw-r--  1 root root   1512 Sep 19 22:31 InferenceEngineConfig.cmake
#14 1.229 -rw-rw-r--  1 root root    479 Sep 19 22:31 InferenceEngineDeveloperPackageConfig-version.cmake
#14 1.229 -rw-rw-r--  1 root root   2543 Sep 19 22:31 InferenceEngineDeveloperPackageConfig.cmake
#14 1.229 -rw-r--r--  1 root root  48373 Sep 19 23:55 Makefile
#14 1.229 drwxr-xr-x  3 root root   4096 Sep 19 22:31 Testing
#14 1.229 -rw-rw-r--  1 root root    471 Sep 19 22:31 adeConfig.cmake
#14 1.229 -rw-r--r--  1 root root   1836 Sep 19 22:31 adeConfigVersion.cmake
#14 1.229 -rw-r--r--  1 root root   2600 Sep 19 22:31 cmake_install.cmake
#14 1.229 -rw-r--r--  1 root root 320886 Sep 19 23:55 compile_commands.json
#14 1.229 -rw-r--r--  1 root root    194 Sep 19 23:55 dependencies_64.txt
#14 1.229 drwxr-xr-x  5 root root   4096 Sep 19 23:55 docs
#14 1.229 drwxr-xr-x  9 root root   4096 Sep 19 23:55 inference-engine
#14 1.229 -rw-r--r--  1 root root  70841 Sep 19 23:52 install_manifest.txt
#14 1.229 drwxr-xr-x  2 root root   4096 Sep 19 22:59 lib
#14 1.229 drwxr-xr-x  7 root root   4096 Sep 19 23:55 ngraph
#14 1.229 drwxr-xr-x  2 root root   4096 Sep 19 23:03 plugins
#14 1.229 drwxr-xr-x  2 root root   4096 Sep 19 23:55 share
#14 1.229 -rw-r--r--  1 root root   4586 Sep 19 23:55 targets.cmake
#14 1.229 -rw-r--r--  1 root root  12059 Sep 19 23:55 targets_developer.cmake
#14 1.229 drwxr-xr-x  3 root root   4096 Sep 19 22:31 thirdparty
#14 DONE 2.2s

#15 [builder 1/1] RUN --mount=type=bind,source=toolchain,target=/work/toolchain-ro     --mount=type=bind,source=vendor/deps,target=/work/deps     --mount=type=cache,target=/work/src     --mount=type=cache,target=/work/build     set -eux;     test "$(cat /work/src/.sync_stamp)" = "0b3773b7405d955d48642667ac5113289b9baab2+88dea63fa029473b396433ac0b61ff2547611a74a9e3eeeb5721552bbce6a2e1"         || { echo "source cache does not match SYNC_STAMP - rebuild with --no-cache"; exit 1; };     make -C /work/build -j"2";     make -C /work/build install;     mkdir -p /work/stage/deployment_tools/ngraph/lib              /work/stage/deployment_tools/ngraph/include              /work/stage/deployment_tools/ngraph/cmake;     mv /work/stage/lib/libngraph.so /work/stage/lib/libinterpreter_backend.so        /work/stage/deployment_tools/ngraph/lib/;     cp -a /work/stage/include/ngraph /work/stage/deployment_tools/ngraph/include/;     mv /work/stage/cmake/ngraph*.cmake /work/stage/deployment_tools/ngraph/cmake/;     find /work/stage -maxdepth 4 -name '*.so' -o -maxdepth 4 -name 'plugins.xml' | sort;     du -sh /work/stage;     LD_LIBRARY_PATH=/work/stage/deployment_tools/inference_engine/lib/armv7l:/work/stage/deployment_tools/ngraph/lib         /work/stage/deployment_tools/inference_engine/lib/*/myriad_compile --help 2>&1 | head -6 || true
#15 0.357 + cat /work/src/.sync_stamp
#15 0.357 + test 0b3773b7405d955d48642667ac5113289b9baab2+88dea63fa029473b396433ac0b61ff2547611a74a9e3eeeb5721552bbce6a2e1 = 0b3773b7405d955d48642667ac5113289b9baab2+88dea63fa029473b396433ac0b61ff2547611a74a9e3eeeb5721552bbce6a2e1
#15 0.357 + make -C /work/build -j2
#15 0.360 make: Entering directory '/work/build'
#15 0.396 make[1]: Entering directory '/work/build'
#15 0.416 make[2]: Entering directory '/work/build'
#15 0.432 make[2]: Leaving directory '/work/build'
#15 0.464 [  2%] Built target inference_engine_obj
#15 0.466 make[2]: Entering directory '/work/build'
#15 0.476 make[2]: Leaving directory '/work/build'
#15 0.487 [  3%] Built target pugixml
#15 0.489 make[2]: Entering directory '/work/build'
#15 0.489 make[2]: Entering directory '/work/build'
#15 0.500 make[2]: Leaving directory '/work/build'
#15 0.510 make[2]: Leaving directory '/work/build'
#15 0.513 [  3%] Built target inference_engine_common_obj
#15 0.522 make[2]: Entering directory '/work/build'
#15 0.535 make[2]: Leaving directory '/work/build'
#15 0.555 [  6%] Built target inference_engine_legacy_obj
#15 0.556 make[2]: Entering directory '/work/build'
#15 0.567 make[2]: Leaving directory '/work/build'
#15 0.577 [  6%] Built target ext_gtest
#15 0.579 make[2]: Entering directory '/work/build'
#15 0.590 make[2]: Leaving directory '/work/build'
#15 0.599 [ 43%] Built target ngraph
#15 0.601 [ 43%] Built target format_reader
#15 0.602 make[2]: Entering directory '/work/build'
#15 0.604 make[2]: Entering directory '/work/build'
#15 0.613 make[2]: Leaving directory '/work/build'
#15 0.613 make[2]: Leaving directory '/work/build'
#15 0.626 [ 44%] Built target inference_engine_preproc_obj
#15 0.626 [ 45%] Built target ade
#15 0.627 make[2]: Entering directory '/work/build'
#15 0.628 make[2]: Entering directory '/work/build'
#15 0.638 make[2]: Leaving directory '/work/build'
#15 0.638 make[2]: Leaving directory '/work/build'
#15 0.649 [ 45%] Built target stb_image
#15 0.649 [ 46%] Built target vpu_common_lib
#15 0.651 make[2]: Entering directory '/work/build'
#15 0.652 make[2]: Entering directory '/work/build'
#15 0.661 make[2]: Leaving directory '/work/build'
#15 0.662 make[2]: Leaving directory '/work/build'
#15 0.663 make[2]: Entering directory '/work/build'
#15 0.672 [ 46%] [VPU] Copy firmware files
#15 0.673 make[2]: Leaving directory '/work/build'
#15 0.673 [ 47%] Built target XLink
#15 0.675 make[2]: Entering directory '/work/build'
#15 0.684 [ 48%] Built target vpu_copy_firmware
#15 0.685 make[2]: Leaving directory '/work/build'
#15 0.686 make[2]: Entering directory '/work/build'
#15 0.696 [ 49%] Built target gflags_nothreads_static
#15 0.696 make[2]: Leaving directory '/work/build'
#15 0.701 make[2]: Entering directory '/work/build'
#15 0.708 [ 49%] Built target ie_docs_examples
#15 0.710 make[2]: Entering directory '/work/build'
#15 0.713 make[2]: Leaving directory '/work/build'
#15 0.721 make[2]: Leaving directory '/work/build'
#15 0.728 [ 49%] Built target interpreter_backend
#15 0.732 [ 50%] Built target inference_engine_legacy
#15 0.746 make[2]: Entering directory '/work/build'
#15 0.758 make[2]: Leaving directory '/work/build'
#15 0.783 [ 55%] Built target fluid
#15 0.785 make[2]: Entering directory '/work/build'
#15 0.795 make[2]: Leaving directory '/work/build'
#15 0.803 make[2]: Entering directory '/work/build'
#15 0.807 [ 56%] Built target mvnc
#15 0.808 make[2]: Entering directory '/work/build'
#15 0.819 make[2]: Leaving directory '/work/build'
#15 0.820 make[2]: Leaving directory '/work/build'
#15 0.830 [ 56%] Built target inference_engine_preproc_s
#15 0.905 [ 64%] Built target inference_engine_transformations
#15 0.907 make[2]: Entering directory '/work/build'
#15 0.916 make[2]: Entering directory '/work/build'
#15 0.918 make[2]: Leaving directory '/work/build'
#15 0.928 [ 64%] Built target inference_engine
#15 0.928 make[2]: Leaving directory '/work/build'
#15 0.941 make[2]: Entering directory '/work/build'
#15 0.949 [ 69%] Built target inference_engine_s
#15 0.951 make[2]: Entering directory '/work/build'
#15 0.952 make[2]: Leaving directory '/work/build'
#15 0.961 make[2]: Leaving directory '/work/build'
#15 0.971 [ 69%] Built target ngraph_test_util
#15 0.971 [ 70%] Built target inference_engine_preproc
#15 0.980 make[2]: Entering directory '/work/build'
#15 0.982 make[2]: Entering directory '/work/build'
#15 0.992 make[2]: Leaving directory '/work/build'
#15 0.993 make[2]: Leaving directory '/work/build'
#15 1.011 [ 73%] Built target inference_engine_lp_transformations
#15 1.013 [ 78%] Built target inference_engine_nn_builder
#15 1.014 make[2]: Entering directory '/work/build'
#15 1.015 make[2]: Entering directory '/work/build'
#15 1.026 make[2]: Leaving directory '/work/build'
#15 1.026 make[2]: Leaving directory '/work/build'
#15 1.037 [ 79%] Built target MultiDevicePlugin
#15 1.039 [ 79%] Built target HeteroPlugin
#15 1.039 make[2]: Entering directory '/work/build'
#15 1.041 make[2]: Entering directory '/work/build'
#15 1.050 make[2]: Leaving directory '/work/build'
#15 1.052 make[2]: Leaving directory '/work/build'
#15 1.062 [ 80%] Built target compile_tool
#15 1.062 [ 81%] Built target inference_engine_c_api
#15 1.067 make[2]: Entering directory '/work/build'
#15 1.078 make[2]: Leaving directory '/work/build'
#15 1.093 [ 82%] Built target templatePlugin
#15 1.098 make[2]: Entering directory '/work/build'
#15 1.109 make[2]: Leaving directory '/work/build'
#15 1.124 [ 82%] Built target template_extension
#15 1.130 make[2]: Entering directory '/work/build'
#15 1.147 make[2]: Leaving directory '/work/build'
#15 1.226 [ 98%] Built target vpu_graph_transformer
#15 1.227 make[2]: Entering directory '/work/build'
#15 1.232 make[2]: Entering directory '/work/build'
#15 1.238 make[2]: Leaving directory '/work/build'
#15 1.244 make[2]: Leaving directory '/work/build'
#15 1.249 [ 98%] Built target ie_dev_targets
#15 1.251 make[2]: Entering directory '/work/build'
#15 1.260 [ 99%] Built target myriadPlugin
#15 1.261 make[2]: Leaving directory '/work/build'
#15 1.262 make[2]: Entering directory '/work/build'
#15 1.272 [100%] Built target vpu_profile
#15 1.274 make[2]: Leaving directory '/work/build'
#15 1.275 make[2]: Entering directory '/work/build'
#15 1.285 [100%] Built target myriad_perfcheck
#15 1.286 make[2]: Leaving directory '/work/build'
#15 1.297 [100%] Built target myriad_compile
#15 1.298 make[1]: Leaving directory '/work/build'
#15 1.309 make: Leaving directory '/work/build'
#15 1.309 + make -C /work/build install
#15 1.310 make: Entering directory '/work/build'
#15 1.337 make[1]: Entering directory '/work/build'
#15 1.411 make[2]: Entering directory '/work/build'
#15 1.431 make[2]: Leaving directory '/work/build'
#15 1.518 [ 37%] Built target ngraph
#15 1.524 make[2]: Entering directory '/work/build'
#15 1.535 make[2]: Leaving directory '/work/build'
#15 1.550 [ 37%] Built target interpreter_backend
#15 1.564 make[2]: Entering directory '/work/build'
#15 1.577 make[2]: Leaving directory '/work/build'
#15 1.602 [ 39%] Built target inference_engine_obj
#15 1.603 make[2]: Entering directory '/work/build'
#15 1.613 make[2]: Leaving directory '/work/build'
#15 1.624 [ 40%] Built target pugixml
#15 1.626 make[2]: Entering directory '/work/build'
#15 1.637 make[2]: Leaving directory '/work/build'
#15 1.648 [ 40%] Built target inference_engine_common_obj
#15 1.658 make[2]: Entering directory '/work/build'
#15 1.670 make[2]: Leaving directory '/work/build'
#15 1.690 [ 43%] Built target inference_engine_legacy_obj
#15 1.691 make[2]: Entering directory '/work/build'
#15 1.701 make[2]: Leaving directory '/work/build'
#15 1.712 [ 44%] Built target inference_engine_legacy
#15 1.786 make[2]: Entering directory '/work/build'
#15 1.802 make[2]: Leaving directory '/work/build'
#15 1.888 [ 52%] Built target inference_engine_transformations
#15 1.890 make[2]: Entering directory '/work/build'
#15 1.900 make[2]: Leaving directory '/work/build'
#15 1.911 [ 52%] Built target inference_engine
#15 1.912 make[2]: Entering directory '/work/build'
#15 1.922 make[2]: Leaving directory '/work/build'
#15 1.933 [ 52%] Built target ext_gtest
#15 1.941 make[2]: Entering directory '/work/build'
#15 1.953 make[2]: Leaving directory '/work/build'
#15 1.971 [ 52%] Built target ngraph_test_util
#15 1.973 make[2]: Entering directory '/work/build'
#15 1.983 make[2]: Leaving directory '/work/build'
#15 1.994 [ 52%] Built target format_reader
#15 1.997 make[2]: Entering directory '/work/build'
#15 2.008 make[2]: Leaving directory '/work/build'
#15 2.020 [ 54%] Built target ade
#15 2.035 make[2]: Entering directory '/work/build'
#15 2.047 make[2]: Leaving directory '/work/build'
#15 2.071 [ 59%] Built target fluid
#15 2.074 make[2]: Entering directory '/work/build'
#15 2.084 make[2]: Leaving directory '/work/build'
#15 2.096 [ 59%] Built target inference_engine_preproc_obj
#15 2.097 make[2]: Entering directory '/work/build'
#15 2.107 make[2]: Leaving directory '/work/build'
#15 2.118 [ 60%] Built target inference_engine_preproc
#15 2.120 make[2]: Entering directory '/work/build'
#15 2.130 make[2]: Leaving directory '/work/build'
#15 2.142 [ 61%] Built target vpu_common_lib
#15 2.151 make[2]: Entering directory '/work/build'
#15 2.162 make[2]: Leaving directory '/work/build'
#15 2.180 [ 64%] Built target inference_engine_lp_transformations
#15 2.248 make[2]: Entering directory '/work/build'
#15 2.265 make[2]: Leaving directory '/work/build'
#15 2.343 [ 80%] Built target vpu_graph_transformer
#15 2.353 make[2]: Entering directory '/work/build'
#15 2.365 make[2]: Leaving directory '/work/build'
#15 2.385 [ 85%] Built target inference_engine_nn_builder
#15 2.386 make[2]: Entering directory '/work/build'
#15 2.396 make[2]: Leaving directory '/work/build'
#15 2.407 [ 85%] Built target ie_dev_targets
#15 2.408 make[2]: Entering directory '/work/build'
#15 2.419 make[2]: Leaving directory '/work/build'
#15 2.429 [ 85%] Built target stb_image
#15 2.430 make[2]: Entering directory '/work/build'
#15 2.440 make[2]: Leaving directory '/work/build'
#15 2.451 [ 85%] Built target inference_engine_preproc_s
#15 2.453 make[2]: Entering directory '/work/build'
#15 2.464 make[2]: Leaving directory '/work/build'
#15 2.476 [ 86%] Built target XLink
#15 2.477 make[2]: Entering directory '/work/build'
#15 2.488 make[2]: Leaving directory '/work/build'
#15 2.499 [ 87%] Built target mvnc
#15 2.500 make[2]: Entering directory '/work/build'
#15 2.511 make[2]: Leaving directory '/work/build'
#15 2.511 make[2]: Entering directory '/work/build'
#15 2.521 [ 87%] [VPU] Copy firmware files
#15 2.522 make[2]: Leaving directory '/work/build'
#15 2.531 [ 88%] Built target vpu_copy_firmware
#15 2.537 make[2]: Entering directory '/work/build'
#15 2.548 make[2]: Leaving directory '/work/build'
#15 2.564 [ 89%] Built target myriadPlugin
#15 2.568 make[2]: Entering directory '/work/build'
#15 2.579 make[2]: Leaving directory '/work/build'
#15 2.592 [ 89%] Built target HeteroPlugin
#15 2.594 make[2]: Entering directory '/work/build'
#15 2.605 make[2]: Leaving directory '/work/build'
#15 2.616 [ 90%] Built target MultiDevicePlugin
#15 2.626 make[2]: Entering directory '/work/build'
#15 2.638 make[2]: Leaving directory '/work/build'
#15 2.658 [ 95%] Built target inference_engine_s
#15 2.660 make[2]: Entering directory '/work/build'
#15 2.671 make[2]: Leaving directory '/work/build'
#15 2.681 [ 95%] Built target myriad_perfcheck
#15 2.683 make[2]: Entering directory '/work/build'
#15 2.693 make[2]: Leaving directory '/work/build'
#15 2.704 [ 96%] Built target gflags_nothreads_static
#15 2.706 make[2]: Entering directory '/work/build'
#15 2.717 make[2]: Leaving directory '/work/build'
#15 2.728 [ 97%] Built target vpu_profile
#15 2.730 make[2]: Entering directory '/work/build'
#15 2.741 make[2]: Leaving directory '/work/build'
#15 2.752 [ 97%] Built target myriad_compile
#15 2.754 make[2]: Entering directory '/work/build'
#15 2.764 make[2]: Leaving directory '/work/build'
#15 2.775 [ 98%] Built target compile_tool
#15 2.777 make[2]: Entering directory '/work/build'
#15 2.788 make[2]: Leaving directory '/work/build'
#15 2.799 [ 99%] Built target inference_engine_c_api
#15 2.804 make[2]: Entering directory '/work/build'
#15 2.815 make[2]: Leaving directory '/work/build'
#15 2.829 [100%] Built target templatePlugin
#15 2.831 make[2]: Entering directory '/work/build'
#15 2.841 make[2]: Leaving directory '/work/build'
#15 2.852 [100%] Built target ie_docs_examples
#15 2.857 make[2]: Entering directory '/work/build'
#15 2.869 make[2]: Leaving directory '/work/build'
#15 2.883 [100%] Built target template_extension
#15 2.884 make[1]: Leaving directory '/work/build'
#15 2.909 Install the project...
#15 2.919 -- Install configuration: "Release"
#15 2.919 -- Installing: /work/stage/bin/setupvars.sh
#15 2.920 -- Installing: /work/stage/install_dependencies
#15 2.920 -- Installing: /work/stage/install_dependencies/install_openvino_dependencies.sh
#15 2.920 -- Installing: /work/stage/install_dependencies/install_NCS_udev_rules.sh
#15 2.920 -- Installing: /work/stage/install_dependencies/install_GST_dependencies.sh
#15 2.920 -- Installing: /work/stage/install_dependencies/install_NEO_OCL_driver.sh
#15 2.920 -- Installing: /work/stage/install_dependencies/install_4_14_kernel.sh
#15 2.920 -- Installing: /work/stage/install_dependencies/install_guide.html
#15 2.921 -- Installing: /work/stage/deployment_tools/demo
#15 2.921 -- Installing: /work/stage/deployment_tools/demo/squeezenet1.1.labels
#15 2.921 -- Installing: /work/stage/deployment_tools/demo/demo_benchmark_app.sh
#15 2.921 -- Installing: /work/stage/deployment_tools/demo/car_1.bmp
#15 2.922 -- Installing: /work/stage/deployment_tools/demo/demo_security_barrier_camera.conf
#15 2.922 -- Installing: /work/stage/deployment_tools/demo/demo_squeezenet_download_convert_run.sh
#15 2.922 -- Installing: /work/stage/deployment_tools/demo/utils.sh
#15 2.923 -- Installing: /work/stage/deployment_tools/demo/demo_security_barrier_camera.sh
#15 2.923 -- Installing: /work/stage/deployment_tools/demo/README.txt
#15 2.923 -- Installing: /work/stage/deployment_tools/demo/car.png
#15 2.924 -- Installing: /work/stage/cmake/ngraphTargets.cmake
#15 2.924 -- Installing: /work/stage/cmake/ngraphTargets-release.cmake
#15 2.924 -- Installing: /work/stage/cmake/ngraphConfig.cmake
#15 2.924 -- Installing: /work/stage/cmake/ngraphConfigVersion.cmake
#15 2.924 -- Installing: /work/stage/./licenses
#15 2.924 -- Installing: /work/stage/./licenses/sphinx_rtd_theme-license.txt
#15 2.925 -- Installing: /work/stage/./licenses/numpy-license.txt
#15 2.925 -- Installing: /work/stage/./licenses/notifications.txt
#15 2.925 -- Installing: /work/stage/./licenses/fontawesome-license.txt
#15 2.925 -- Installing: /work/stage/./licenses/Apache-2.0-license.txt
#15 2.925 -- Installing: /work/stage/./licenses/swagger-ui-license.txt
#15 2.925 -- Installing: /work/stage/./licenses/tbb-license.txt
#15 2.925 -- Installing: /work/stage/./licenses/json-license.txt
#15 2.925 -- Installing: /work/stage/./licenses/OFL-license.txt
#15 2.925 -- Installing: /work/stage/./licenses/mklml-license.txt
#15 2.926 -- Installing: /work/stage/./licenses/tensorflow-license.txt
#15 2.926 -- Installing: /work/stage/./licenses/googletest-license.txt
#15 2.926 -- Installing: /work/stage/./licenses/mkl-dnn-license.txt
#15 2.926 -- Installing: /work/stage/./licenses/llvm-license.txt
#15 2.926 -- Installing: /work/stage/./licenses/sphinx-license.txt
#15 2.926 -- Installing: /work/stage/./licenses/mlir-license.txt
#15 2.926 -- Installing: /work/stage/./licenses/eigen-license.txt
#15 2.926 -- Installing: /work/stage/./licenses/jquery-license.txt
#15 2.927 -- Installing: /work/stage/./licenses/caffe2-license.txt
#15 2.927 -- Installing: /work/stage/./licenses/pybind11-license.txt
#15 2.927 -- Installing: /work/stage/./LICENSE
#15 2.927 -- Installing: /work/stage/./VERSION
#15 2.928 -- Installing: /work/stage/lib/libngraph.so
#15 2.932 -- Set runtime path of "/work/stage/lib/libngraph.so" to "$ORIGIN"
#15 2.933 -- Installing: /work/stage/include/ngraph
#15 2.933 -- Installing: /work/stage/include/ngraph/specialize_function.hpp
#15 2.933 -- Installing: /work/stage/include/ngraph/shape_util.hpp
#15 2.933 -- Installing: /work/stage/include/ngraph/component_manager.hpp
#15 2.933 -- Installing: /work/stage/include/ngraph/enum_names.hpp
#15 2.933 -- Installing: /work/stage/include/ngraph/coordinate_transform.hpp
#15 2.933 -- Installing: /work/stage/include/ngraph/shape.hpp
#15 2.934 -- Installing: /work/stage/include/ngraph/type
#15 2.934 -- Installing: /work/stage/include/ngraph/type/bfloat16.hpp
#15 2.934 -- Installing: /work/stage/include/ngraph/type/element_type.hpp
#15 2.934 -- Installing: /work/stage/include/ngraph/type/float16.hpp
#15 2.934 -- Installing: /work/stage/include/ngraph/check.hpp
#15 2.934 -- Installing: /work/stage/include/ngraph/attribute_visitor.hpp
#15 2.934 -- Installing: /work/stage/include/ngraph/autodiff
#15 2.934 -- Installing: /work/stage/include/ngraph/autodiff/adjoints.hpp
#15 2.934 -- Installing: /work/stage/include/ngraph/distributed
#15 2.935 -- Installing: /work/stage/include/ngraph/distributed/null.hpp
#15 2.935 -- Installing: /work/stage/include/ngraph/distributed.hpp
#15 2.935 -- Installing: /work/stage/include/ngraph/output_vector.hpp
#15 2.935 -- Installing: /work/stage/include/ngraph/deprecated.hpp
#15 2.935 -- Installing: /work/stage/include/ngraph/dimension.hpp
#15 2.935 -- Installing: /work/stage/include/ngraph/node_output.hpp
#15 2.935 -- Installing: /work/stage/include/ngraph/file_util.hpp
#15 2.935 -- Installing: /work/stage/include/ngraph/node.hpp
#15 2.936 -- Installing: /work/stage/include/ngraph/state
#15 2.936 -- Installing: /work/stage/include/ngraph/state/uniform_rng_state.hpp
#15 2.936 -- Installing: /work/stage/include/ngraph/state/bernoulli_rng_state.hpp
#15 2.936 -- Installing: /work/stage/include/ngraph/state/state.hpp
#15 2.936 -- Installing: /work/stage/include/ngraph/pattern
#15 2.936 -- Installing: /work/stage/include/ngraph/pattern/matcher.hpp
#15 2.936 -- Installing: /work/stage/include/ngraph/pattern/op
#15 2.936 -- Installing: /work/stage/include/ngraph/pattern/op/label.hpp
#15 2.936 -- Installing: /work/stage/include/ngraph/pattern/op/or.hpp
#15 2.937 -- Installing: /work/stage/include/ngraph/pattern/op/capture.hpp
#15 2.937 -- Installing: /work/stage/include/ngraph/pattern/op/any.hpp
#15 2.937 -- Installing: /work/stage/include/ngraph/pattern/op/pattern.hpp
#15 2.937 -- Installing: /work/stage/include/ngraph/pattern/op/branch.hpp
#15 2.937 -- Installing: /work/stage/include/ngraph/pattern/op/true.hpp
#15 2.937 -- Installing: /work/stage/include/ngraph/pattern/op/skip.hpp
#15 2.937 -- Installing: /work/stage/include/ngraph/pattern/op/any_of.hpp
#15 2.937 -- Installing: /work/stage/include/ngraph/util.hpp
#15 2.938 -- Installing: /work/stage/include/ngraph/code_writer.hpp
#15 2.938 -- Installing: /work/stage/include/ngraph/type.hpp
#15 2.938 -- Installing: /work/stage/include/ngraph/axis_vector.hpp
#15 2.938 -- Installing: /work/stage/include/ngraph/pass
#15 2.938 -- Installing: /work/stage/include/ngraph/pass/pass.hpp
#15 2.938 -- Installing: /work/stage/include/ngraph/pass/propagate_cacheability.hpp
#15 2.938 -- Installing: /work/stage/include/ngraph/pass/dump_sorted.hpp
#15 2.938 -- Installing: /work/stage/include/ngraph/pass/algebraic_simplification.hpp
#15 2.938 -- Installing: /work/stage/include/ngraph/pass/opset1_upgrade.hpp
#15 2.939 -- Installing: /work/stage/include/ngraph/pass/concat_fusion.hpp
#15 2.939 -- Installing: /work/stage/include/ngraph/pass/get_output_element_elimination.hpp
#15 2.939 -- Installing: /work/stage/include/ngraph/pass/dyn_elimination.hpp
#15 2.939 -- Installing: /work/stage/include/ngraph/pass/constant_folding.hpp
#15 2.939 -- Installing: /work/stage/include/ngraph/pass/liveness.hpp
#15 2.939 -- Installing: /work/stage/include/ngraph/pass/manager_state.hpp
#15 2.939 -- Installing: /work/stage/include/ngraph/pass/opset0_downgrade.hpp
#15 2.940 -- Installing: /work/stage/include/ngraph/pass/nop_elimination.hpp
#15 2.940 -- Installing: /work/stage/include/ngraph/pass/memory_visualize.hpp
#15 2.940 -- Installing: /work/stage/include/ngraph/pass/common_function_collection.hpp
#15 2.940 -- Installing: /work/stage/include/ngraph/pass/implicit_broadcast_elimination.hpp
#15 2.940 -- Installing: /work/stage/include/ngraph/pass/memory_layout.hpp
#15 2.940 -- Installing: /work/stage/include/ngraph/pass/constant_to_broadcast.hpp
#15 2.940 -- Installing: /work/stage/include/ngraph/pass/validate_graph.hpp
#15 2.940 -- Installing: /work/stage/include/ngraph/pass/fused_op_decomposition.hpp
#15 2.940 -- Installing: /work/stage/include/ngraph/pass/like_replacement.hpp
#15 2.941 -- Installing: /work/stage/include/ngraph/pass/pass_util.hpp
#15 2.941 -- Installing: /work/stage/include/ngraph/pass/reshape_sinking.hpp
#15 2.941 -- Installing: /work/stage/include/ngraph/pass/visualize_tree.hpp
#15 2.941 -- Installing: /work/stage/include/ngraph/pass/zero_dim_tensor_elimination.hpp
#15 2.941 -- Installing: /work/stage/include/ngraph/pass/pass_config.hpp
#15 2.941 -- Installing: /work/stage/include/ngraph/pass/cse.hpp
#15 2.941 -- Installing: /work/stage/include/ngraph/pass/validate.hpp
#15 2.941 -- Installing: /work/stage/include/ngraph/pass/graph_rewrite.hpp
#15 2.942 -- Installing: /work/stage/include/ngraph/pass/serialize.hpp
#15 2.942 -- Installing: /work/stage/include/ngraph/pass/convert_fp32_to_fp16.hpp
#15 2.942 -- Installing: /work/stage/include/ngraph/pass/batch_fusion.hpp
#15 2.942 -- Installing: /work/stage/include/ngraph/pass/manager.hpp
#15 2.942 -- Installing: /work/stage/include/ngraph/pass/shape_relevance.hpp
#15 2.942 -- Installing: /work/stage/include/ngraph/pass/assign_layout.hpp
#15 2.942 -- Installing: /work/stage/include/ngraph/pass/core_fusion.hpp
#15 2.942 -- Installing: /work/stage/include/ngraph/pass/reshape_elimination.hpp
#15 2.943 -- Installing: /work/stage/include/ngraph/assertion.hpp
#15 2.943 -- Installing: /work/stage/include/ngraph/ops.hpp
#15 2.943 -- Installing: /work/stage/include/ngraph/frontend
#15 2.943 -- Installing: /work/stage/include/ngraph/frontend/onnx_import
#15 2.943 -- Installing: /work/stage/include/ngraph/frontend/onnx_import/utils
#15 2.943 -- Installing: /work/stage/include/ngraph/frontend/onnx_import/utils/common.hpp
#15 2.943 -- Installing: /work/stage/include/ngraph/frontend/onnx_import/utils/variadic.hpp
#15 2.943 -- Installing: /work/stage/include/ngraph/frontend/onnx_import/utils/arg_min_max_factory.hpp
#15 2.943 -- Installing: /work/stage/include/ngraph/frontend/onnx_import/utils/convpool.hpp
#15 2.944 -- Installing: /work/stage/include/ngraph/frontend/onnx_import/utils/pooling_factory.hpp
#15 2.944 -- Installing: /work/stage/include/ngraph/frontend/onnx_import/utils/reduction.hpp
#15 2.944 -- Installing: /work/stage/include/ngraph/frontend/onnx_import/utils/reshape.hpp
#15 2.944 -- Installing: /work/stage/include/ngraph/frontend/onnx_import/default_opset.hpp
#15 2.944 -- Installing: /work/stage/include/ngraph/frontend/onnx_import/onnx_utils.hpp
#15 2.944 -- Installing: /work/stage/include/ngraph/frontend/onnx_import/core
#15 2.944 -- Installing: /work/stage/include/ngraph/frontend/onnx_import/core/value_info.hpp
#15 2.944 -- Installing: /work/stage/include/ngraph/frontend/onnx_import/core/operator_set.hpp
#15 2.945 -- Installing: /work/stage/include/ngraph/frontend/onnx_import/core/graph.hpp
#15 2.945 -- Installing: /work/stage/include/ngraph/frontend/onnx_import/core/node.hpp
#15 2.945 -- Installing: /work/stage/include/ngraph/frontend/onnx_import/core/attribute.hpp
#15 2.945 -- Installing: /work/stage/include/ngraph/frontend/onnx_import/core/null_node.hpp
#15 2.945 -- Installing: /work/stage/include/ngraph/frontend/onnx_import/core/tensor.hpp
#15 2.945 -- Installing: /work/stage/include/ngraph/frontend/onnx_import/core/model.hpp
#15 2.945 -- Installing: /work/stage/include/ngraph/frontend/onnx_import/exceptions.hpp
#15 2.946 -- Installing: /work/stage/include/ngraph/frontend/onnx_import/onnx.hpp
#15 2.946 -- Installing: /work/stage/include/ngraph/frontend/onnx_import/ops_bridge.hpp
#15 2.946 -- Installing: /work/stage/include/ngraph/frontend/onnx_import/op
#15 2.946 -- Installing: /work/stage/include/ngraph/frontend/onnx_import/op/softmax.hpp
#15 2.946 -- Installing: /work/stage/include/ngraph/frontend/onnx_import/op/expand.hpp
#15 2.946 -- Installing: /work/stage/include/ngraph/frontend/onnx_import/op/unsqueeze.hpp
#15 2.946 -- Installing: /work/stage/include/ngraph/frontend/onnx_import/op/sum.hpp
#15 2.946 -- Installing: /work/stage/include/ngraph/frontend/onnx_import/op/and.hpp
#15 2.947 -- Installing: /work/stage/include/ngraph/frontend/onnx_import/op/matmul.hpp
#15 2.947 -- Installing: /work/stage/include/ngraph/frontend/onnx_import/op/slice.hpp
#15 2.947 -- Installing: /work/stage/include/ngraph/frontend/onnx_import/op/exp.hpp
#15 2.947 -- Installing: /work/stage/include/ngraph/frontend/onnx_import/op/div.hpp
#15 2.947 -- Installing: /work/stage/include/ngraph/frontend/onnx_import/op/dequantize_linear.hpp
#15 2.947 -- Installing: /work/stage/include/ngraph/frontend/onnx_import/op/shape.hpp
#15 2.947 -- Installing: /work/stage/include/ngraph/frontend/onnx_import/op/add.hpp
#15 2.947 -- Installing: /work/stage/include/ngraph/frontend/onnx_import/op/round.hpp
#15 2.948 -- Installing: /work/stage/include/ngraph/frontend/onnx_import/op/tanh.hpp
#15 2.948 -- Installing: /work/stage/include/ngraph/frontend/onnx_import/op/max.hpp
#15 2.948 -- Installing: /work/stage/include/ngraph/frontend/onnx_import/op/asin.hpp
#15 2.948 -- Installing: /work/stage/include/ngraph/frontend/onnx_import/op/xor.hpp
#15 2.948 -- Installing: /work/stage/include/ngraph/frontend/onnx_import/op/atanh.hpp
#15 2.948 -- Installing: /work/stage/include/ngraph/frontend/onnx_import/op/erf.hpp
#15 2.948 -- Installing: /work/stage/include/ngraph/frontend/onnx_import/op/acosh.hpp
#15 2.948 -- Installing: /work/stage/include/ngraph/frontend/onnx_import/op/constant.hpp
#15 2.948 -- Installing: /work/stage/include/ngraph/frontend/onnx_import/op/floor.hpp
#15 2.949 -- Installing: /work/stage/include/ngraph/frontend/onnx_import/op/identity.hpp
#15 2.950 -- Installing: /work/stage/include/ngraph/frontend/onnx_import/op/or.hpp
#15 2.950 -- Installing: /work/stage/include/ngraph/frontend/onnx_import/op/pad.hpp
#15 2.950 -- Installing: /work/stage/include/ngraph/frontend/onnx_import/op/qlinear_matmul.hpp
#15 2.950 -- Installing: /work/stage/include/ngraph/frontend/onnx_import/op/sqrt.hpp
#15 2.950 -- Installing: /work/stage/include/ngraph/frontend/onnx_import/op/dropout.hpp
#15 2.950 -- Installing: /work/stage/include/ngraph/frontend/onnx_import/op/sinh.hpp
#15 2.950 -- Installing: /work/stage/include/ngraph/frontend/onnx_import/op/sub.hpp
#15 2.950 -- Installing: /work/stage/include/ngraph/frontend/onnx_import/op/mul.hpp
#15 2.950 -- Installing: /work/stage/include/ngraph/frontend/onnx_import/op/lp_norm.hpp
#15 2.950 -- Installing: /work/stage/include/ngraph/frontend/onnx_import/op/cosh.hpp
#15 2.950 -- Installing: /work/stage/include/ngraph/frontend/onnx_import/op/mean.hpp
#15 2.950 -- Installing: /work/stage/include/ngraph/frontend/onnx_import/op/space_to_depth.hpp
#15 2.950 -- Installing: /work/stage/include/ngraph/frontend/onnx_import/op/log_softmax.hpp
#15 2.950 -- Installing: /work/stage/include/ngraph/frontend/onnx_import/op/not.hpp
#15 2.950 -- Installing: /work/stage/include/ngraph/frontend/onnx_import/op/transpose.hpp
#15 2.950 -- Installing: /work/stage/include/ngraph/frontend/onnx_import/op/clip.hpp
#15 2.951 -- Installing: /work/stage/include/ngraph/frontend/onnx_import/op/topk.hpp
#15 2.951 -- Installing: /work/stage/include/ngraph/frontend/onnx_import/op/scatter_nd.hpp
#15 2.951 -- Installing: /work/stage/include/ngraph/frontend/onnx_import/op/max_pool.hpp
#15 2.951 -- Installing: /work/stage/include/ngraph/frontend/onnx_import/op/equal.hpp
#15 2.951 -- Installing: /work/stage/include/ngraph/frontend/onnx_import/op/min.hpp
#15 2.951 -- Installing: /work/stage/include/ngraph/frontend/onnx_import/op/argmax.hpp
#15 2.951 -- Installing: /work/stage/include/ngraph/frontend/onnx_import/op/softplus.hpp
#15 2.951 -- Installing: /work/stage/include/ngraph/frontend/onnx_import/op/instance_norm.hpp
#15 2.952 -- Installing: /work/stage/include/ngraph/frontend/onnx_import/op/greater.hpp
#15 2.952 -- Installing: /work/stage/include/ngraph/frontend/onnx_import/op/shrink.hpp
#15 2.952 -- Installing: /work/stage/include/ngraph/frontend/onnx_import/op/quant_conv.hpp
#15 2.952 -- Installing: /work/stage/include/ngraph/frontend/onnx_import/op/squeeze.hpp
#15 2.952 -- Installing: /work/stage/include/ngraph/frontend/onnx_import/op/quantize_linear.hpp
#15 2.952 -- Installing: /work/stage/include/ngraph/frontend/onnx_import/op/log.hpp
#15 2.952 -- Installing: /work/stage/include/ngraph/frontend/onnx_import/op/concat.hpp
#15 2.952 -- Installing: /work/stage/include/ngraph/frontend/onnx_import/op/sigmoid.hpp
#15 2.953 -- Installing: /work/stage/include/ngraph/frontend/onnx_import/op/non_max_suppression.hpp
#15 2.953 -- Installing: /work/stage/include/ngraph/frontend/onnx_import/op/eye_like.hpp
#15 2.953 -- Installing: /work/stage/include/ngraph/frontend/onnx_import/op/pow.hpp
#15 2.953 -- Installing: /work/stage/include/ngraph/frontend/onnx_import/op/average_pool.hpp
#15 2.953 -- Installing: /work/stage/include/ngraph/frontend/onnx_import/op/cast.hpp
#15 2.953 -- Installing: /work/stage/include/ngraph/frontend/onnx_import/op/cos.hpp
#15 2.953 -- Installing: /work/stage/include/ngraph/frontend/onnx_import/op/split.hpp
#15 2.953 -- Installing: /work/stage/include/ngraph/frontend/onnx_import/op/ceil.hpp
#15 2.954 -- Installing: /work/stage/include/ngraph/frontend/onnx_import/op/global_average_pool.hpp
#15 2.954 -- Installing: /work/stage/include/ngraph/frontend/onnx_import/op/global_max_pool.hpp
#15 2.954 -- Installing: /work/stage/include/ngraph/frontend/onnx_import/op/abs.hpp
#15 2.954 -- Installing: /work/stage/include/ngraph/frontend/onnx_import/op/sign.hpp
#15 2.954 -- Installing: /work/stage/include/ngraph/frontend/onnx_import/op/depth_to_space.hpp
#15 2.954 -- Installing: /work/stage/include/ngraph/frontend/onnx_import/op/reverse_sequence.hpp
#15 2.954 -- Installing: /work/stage/include/ngraph/frontend/onnx_import/op/mean_variance_normalization.hpp
#15 2.954 -- Installing: /work/stage/include/ngraph/frontend/onnx_import/op/softsign.hpp
#15 2.955 -- Installing: /work/stage/include/ngraph/frontend/onnx_import/op/acos.hpp
#15 2.955 -- Installing: /work/stage/include/ngraph/frontend/onnx_import/op/cum_sum.hpp
#15 2.955 -- Installing: /work/stage/include/ngraph/frontend/onnx_import/op/onehot.hpp
#15 2.955 -- Installing: /work/stage/include/ngraph/frontend/onnx_import/op/hard_sigmoid.hpp
#15 2.955 -- Installing: /work/stage/include/ngraph/frontend/onnx_import/op/tan.hpp
#15 2.955 -- Installing: /work/stage/include/ngraph/frontend/onnx_import/op/prelu.hpp
#15 2.955 -- Installing: /work/stage/include/ngraph/frontend/onnx_import/op/mod.hpp
#15 2.955 -- Installing: /work/stage/include/ngraph/frontend/onnx_import/op/batch_norm.hpp
#15 2.956 -- Installing: /work/stage/include/ngraph/frontend/onnx_import/op/gather_nd.hpp
#15 2.956 -- Installing: /work/stage/include/ngraph/frontend/onnx_import/op/elu.hpp
#15 2.956 -- Installing: /work/stage/include/ngraph/frontend/onnx_import/op/constant_of_shape.hpp
#15 2.956 -- Installing: /work/stage/include/ngraph/frontend/onnx_import/op/lstm.hpp
#15 2.956 -- Installing: /work/stage/include/ngraph/frontend/onnx_import/op/matmul_integer.hpp
#15 2.956 -- Installing: /work/stage/include/ngraph/frontend/onnx_import/op/where.hpp
#15 2.956 -- Installing: /work/stage/include/ngraph/frontend/onnx_import/op/flatten.hpp
#15 2.956 -- Installing: /work/stage/include/ngraph/frontend/onnx_import/op/lrn.hpp
#15 2.957 -- Installing: /work/stage/include/ngraph/frontend/onnx_import/op/argmin.hpp
#15 2.957 -- Installing: /work/stage/include/ngraph/frontend/onnx_import/op/conv_integer.hpp
#15 2.957 -- Installing: /work/stage/include/ngraph/frontend/onnx_import/op/hardmax.hpp
#15 2.957 -- Installing: /work/stage/include/ngraph/frontend/onnx_import/op/reshape.hpp
#15 2.957 -- Installing: /work/stage/include/ngraph/frontend/onnx_import/op/atan.hpp
#15 2.957 -- Installing: /work/stage/include/ngraph/frontend/onnx_import/op/conv.hpp
#15 2.957 -- Installing: /work/stage/include/ngraph/frontend/onnx_import/op/selu.hpp
#15 2.958 -- Installing: /work/stage/include/ngraph/frontend/onnx_import/op/neg.hpp
#15 2.958 -- Installing: /work/stage/include/ngraph/frontend/onnx_import/op/gather.hpp
#15 2.958 -- Installing: /work/stage/include/ngraph/frontend/onnx_import/op/less.hpp
#15 2.958 -- Installing: /work/stage/include/ngraph/frontend/onnx_import/op/size.hpp
#15 2.958 -- Installing: /work/stage/include/ngraph/frontend/onnx_import/op/asinh.hpp
#15 2.958 -- Installing: /work/stage/include/ngraph/frontend/onnx_import/op/leaky_relu.hpp
#15 2.958 -- Installing: /work/stage/include/ngraph/frontend/onnx_import/op/thresholded_relu.hpp
#15 2.958 -- Installing: /work/stage/include/ngraph/frontend/onnx_import/op/reduce.hpp
#15 2.959 -- Installing: /work/stage/include/ngraph/frontend/onnx_import/op/relu.hpp
#15 2.959 -- Installing: /work/stage/include/ngraph/frontend/onnx_import/op/gemm.hpp
#15 2.959 -- Installing: /work/stage/include/ngraph/frontend/onnx_import/op/reciprocal.hpp
#15 2.959 -- Installing: /work/stage/include/ngraph/frontend/onnx_import/op/sin.hpp
#15 2.959 -- Installing: /work/stage/include/ngraph/frontend/onnx_import/op/lp_pool.hpp
#15 2.959 -- Installing: /work/stage/include/ngraph/frontend/onnx_import/op/tile.hpp
#15 2.959 -- Installing: /work/stage/include/ngraph/frontend/onnx_import/op/conv_transpose.hpp
#15 2.960 -- Installing: /work/stage/include/ngraph/runtime
#15 2.960 -- Installing: /work/stage/include/ngraph/runtime/cache.hpp
#15 2.960 -- Installing: /work/stage/include/ngraph/runtime/plaidml
#15 2.960 -- Installing: /work/stage/include/ngraph/runtime/plaidml/plaidml_ops_implicit_broadcast.hpp
#15 2.960 -- Installing: /work/stage/include/ngraph/runtime/plaidml/plaidml_pass_implicit_broadcast.hpp
#15 2.960 -- Installing: /work/stage/include/ngraph/runtime/plaidml/plaidml_impl.hpp
#15 2.960 -- Installing: /work/stage/include/ngraph/runtime/plaidml/plaidml_pass_concat_elision.hpp
#15 2.960 -- Installing: /work/stage/include/ngraph/runtime/plaidml/plaidml_convpool_formatter.hpp
#15 2.961 -- Installing: /work/stage/include/ngraph/runtime/plaidml/plaidml_build.hpp
#15 2.961 -- Installing: /work/stage/include/ngraph/runtime/plaidml/plaidml_ops_winograd.hpp
#15 2.961 -- Installing: /work/stage/include/ngraph/runtime/plaidml/plaidml_translate.hpp
#15 2.961 -- Installing: /work/stage/include/ngraph/runtime/plaidml/plaidml_pass_explicit_logicals.hpp
#15 2.961 -- Installing: /work/stage/include/ngraph/runtime/plaidml/plaidml_pass_winograd.hpp
#15 2.961 -- Installing: /work/stage/include/ngraph/runtime/plaidml/plaidml_compilation_cache.hpp
#15 2.961 -- Installing: /work/stage/include/ngraph/runtime/plaidml/plaidml_pass_replicate_combination.hpp
#15 2.961 -- Installing: /work/stage/include/ngraph/runtime/plaidml/plaidml_logger.hpp
#15 2.962 -- Installing: /work/stage/include/ngraph/runtime/plaidml/plaidml_pass_lower_convolutions.hpp
#15 2.962 -- Installing: /work/stage/include/ngraph/runtime/plaidml/plaidml_compiler.hpp
#15 2.962 -- Installing: /work/stage/include/ngraph/runtime/plaidml/plaidml_backend_visibility.hpp
#15 2.962 -- Installing: /work/stage/include/ngraph/runtime/plaidml/plaidml_ops_convolution.hpp
#15 2.962 -- Installing: /work/stage/include/ngraph/runtime/plaidml/plaidml_tensor.hpp
#15 2.962 -- Installing: /work/stage/include/ngraph/runtime/plaidml/plaidml_config.hpp
#15 2.962 -- Installing: /work/stage/include/ngraph/runtime/plaidml/plaidml_builder.hpp
#15 2.962 -- Installing: /work/stage/include/ngraph/runtime/plaidml/plaidml_ops_replicate.hpp
#15 2.963 -- Installing: /work/stage/include/ngraph/runtime/plaidml/plaidml_backend.hpp
#15 2.963 -- Installing: /work/stage/include/ngraph/runtime/plaidml/plaidml_pass_concat_split.hpp
#15 2.963 -- Installing: /work/stage/include/ngraph/runtime/plaidml/plaidml_executable.hpp
#15 2.963 -- Installing: /work/stage/include/ngraph/runtime/plaidml/plaidml_pass_replicate_elision.hpp
#15 2.963 -- Installing: /work/stage/include/ngraph/runtime/gcpu
#15 2.963 -- Installing: /work/stage/include/ngraph/runtime/gcpu/gcpu_backend.hpp
#15 2.963 -- Installing: /work/stage/include/ngraph/runtime/gcpu/gcpu_backend_visibility.hpp
#15 2.963 -- Installing: /work/stage/include/ngraph/runtime/gcpu/gcpu_executable.hpp
#15 2.964 -- Installing: /work/stage/include/ngraph/runtime/gcpu/kernel
#15 2.964 -- Installing: /work/stage/include/ngraph/runtime/gcpu/kernel/dot.hpp
#15 2.964 -- Installing: /work/stage/include/ngraph/runtime/gpu
#15 2.964 -- Installing: /work/stage/include/ngraph/runtime/gpu/nvdiff.hpp
#15 2.964 -- Installing: /work/stage/include/ngraph/runtime/gpu/gpu_cuda_function_builder.hpp
#15 2.964 -- Installing: /work/stage/include/ngraph/runtime/gpu/gpu_cuda_kernel_builder.hpp
#15 2.964 -- Installing: /work/stage/include/ngraph/runtime/gpu/gpu_backend_visibility.hpp
#15 2.964 -- Installing: /work/stage/include/ngraph/runtime/gpu/gpu_executable.hpp
#15 2.965 -- Installing: /work/stage/include/ngraph/runtime/gpu/gpu_kernel_args.hpp
#15 2.965 -- Installing: /work/stage/include/ngraph/runtime/gpu/host_emitter.hpp
#15 2.965 -- Installing: /work/stage/include/ngraph/runtime/gpu/gpu_backend.hpp
#15 2.965 -- Installing: /work/stage/include/ngraph/runtime/gpu/gpu_primitive_emitter.hpp
#15 2.965 -- Installing: /work/stage/include/ngraph/runtime/gpu/cuda_error_check.hpp
#15 2.965 -- Installing: /work/stage/include/ngraph/runtime/gpu/gpu_runtime_constructor.hpp
#15 2.965 -- Installing: /work/stage/include/ngraph/runtime/gpu/gpu_cuda_function_pool.hpp
#15 2.965 -- Installing: /work/stage/include/ngraph/runtime/gpu/cudnn_host_parameters.hpp
#15 2.966 -- Installing: /work/stage/include/ngraph/runtime/gpu/cudnn_invoke.hpp
#15 2.966 -- Installing: /work/stage/include/ngraph/runtime/gpu/cudnn_emitter.hpp
#15 2.966 -- Installing: /work/stage/include/ngraph/runtime/gpu/gpu_emitter.hpp
#15 2.966 -- Installing: /work/stage/include/ngraph/runtime/gpu/gpu_kernel_emitters.hpp
#15 2.966 -- Installing: /work/stage/include/ngraph/runtime/gpu/gpu_internal_function.hpp
#15 2.966 -- Installing: /work/stage/include/ngraph/runtime/gpu/nvrtc
#15 2.966 -- Installing: /work/stage/include/ngraph/runtime/gpu/nvrtc/helpers.hpp
#15 2.966 -- Installing: /work/stage/include/ngraph/runtime/gpu/gpu_cuda_context_manager.hpp
#15 2.967 -- Installing: /work/stage/include/ngraph/runtime/gpu/pass
#15 2.967 -- Installing: /work/stage/include/ngraph/runtime/gpu/pass/tensor_memory_reservation.hpp
#15 2.967 -- Installing: /work/stage/include/ngraph/runtime/gpu/pass/gpu_rnn_fusion.hpp
#15 2.967 -- Installing: /work/stage/include/ngraph/runtime/gpu/pass/gpu_layout.hpp
#15 2.967 -- Installing: /work/stage/include/ngraph/runtime/gpu/pass/gpu_batch_norm_cache.hpp
#15 2.967 -- Installing: /work/stage/include/ngraph/runtime/gpu/nvshape.hpp
#15 2.967 -- Installing: /work/stage/include/ngraph/runtime/gpu/cublas_emitter.hpp
#15 2.967 -- Installing: /work/stage/include/ngraph/runtime/gpu/gpu_util.hpp
#15 2.968 -- Installing: /work/stage/include/ngraph/runtime/gpu/gpu_compiled_function.hpp
#15 2.968 -- Installing: /work/stage/include/ngraph/runtime/gpu/gpu_runtime_context.hpp
#15 2.968 -- Installing: /work/stage/include/ngraph/runtime/gpu/cuda_emitter.hpp
#15 2.968 -- Installing: /work/stage/include/ngraph/runtime/gpu/nvcc
#15 2.968 -- Installing: /work/stage/include/ngraph/runtime/gpu/nvcc/kernels.hpp
#15 2.968 -- Installing: /work/stage/include/ngraph/runtime/gpu/gpu_host_parameters.hpp
#15 2.968 -- Installing: /work/stage/include/ngraph/runtime/gpu/gpu_external_function.hpp
#15 2.968 -- Installing: /work/stage/include/ngraph/runtime/gpu/gpu_cuda_kernel_ops.hpp
#15 2.969 -- Installing: /work/stage/include/ngraph/runtime/gpu/type_info.hpp
#15 2.969 -- Installing: /work/stage/include/ngraph/runtime/gpu/gpu_invoke.hpp
#15 2.969 -- Installing: /work/stage/include/ngraph/runtime/gpu/gpu_call_frame.hpp
#15 2.969 -- Installing: /work/stage/include/ngraph/runtime/gpu/cudnn_descriptors.hpp
#15 2.969 -- Installing: /work/stage/include/ngraph/runtime/gpu/gpu_tensor.hpp
#15 2.969 -- Installing: /work/stage/include/ngraph/runtime/gpu/gpu_op_annotations.hpp
#15 2.969 -- Installing: /work/stage/include/ngraph/runtime/gpu/gpu_tensor_wrapper.hpp
#15 2.969 -- Installing: /work/stage/include/ngraph/runtime/gpu/op
#15 2.969 -- Installing: /work/stage/include/ngraph/runtime/gpu/op/rnn.hpp
#15 2.970 -- Installing: /work/stage/include/ngraph/runtime/gpu/op/op_tbl.hpp
#15 2.970 -- Installing: /work/stage/include/ngraph/runtime/gpu/op/batch_norm.hpp
#15 2.970 -- Installing: /work/stage/include/ngraph/runtime/gpu/gpu_memory_manager.hpp
#15 2.970 -- Installing: /work/stage/include/ngraph/runtime/opt_kernel
#15 2.970 -- Installing: /work/stage/include/ngraph/runtime/opt_kernel/broadcast.hpp
#15 2.970 -- Installing: /work/stage/include/ngraph/runtime/opt_kernel/reshape.hpp
#15 2.970 -- Installing: /work/stage/include/ngraph/runtime/allocator.hpp
#15 2.970 -- Installing: /work/stage/include/ngraph/runtime/cpu
#15 2.971 -- Installing: /work/stage/include/ngraph/runtime/cpu/mkldnn_utils.hpp
#15 2.971 -- Installing: /work/stage/include/ngraph/runtime/cpu/cpu_backend.hpp
#15 2.971 -- Installing: /work/stage/include/ngraph/runtime/cpu/cpu_debugger.hpp
#15 2.971 -- Installing: /work/stage/include/ngraph/runtime/cpu/cpu_op_annotations.hpp
#15 2.971 -- Installing: /work/stage/include/ngraph/runtime/cpu/cpu_external_function.hpp
#15 2.971 -- Installing: /work/stage/include/ngraph/runtime/cpu/cpu_executable.hpp
#15 2.971 -- Installing: /work/stage/include/ngraph/runtime/cpu/mkldnn_invoke.hpp
#15 2.971 -- Installing: /work/stage/include/ngraph/runtime/cpu/kernel_selectors.hpp
#15 2.972 -- Installing: /work/stage/include/ngraph/runtime/cpu/cpu_eigen_utils.hpp
#15 2.972 -- Installing: /work/stage/include/ngraph/runtime/cpu/cpu_tensor_wrapper.hpp
#15 2.972 -- Installing: /work/stage/include/ngraph/runtime/cpu/cpu_call_frame.hpp
#15 2.972 -- Installing: /work/stage/include/ngraph/runtime/cpu/cpu_kernel_emitters.hpp
#15 2.972 -- Installing: /work/stage/include/ngraph/runtime/cpu/pass
#15 2.972 -- Installing: /work/stage/include/ngraph/runtime/cpu/pass/cpu_memory_optimization.hpp
#15 2.972 -- Installing: /work/stage/include/ngraph/runtime/cpu/pass/cpu_layout.hpp
#15 2.972 -- Installing: /work/stage/include/ngraph/runtime/cpu/pass/cpu_collapse_dims.hpp
#15 2.973 -- Installing: /work/stage/include/ngraph/runtime/cpu/pass/cpu_memory_assignment.hpp
#15 2.973 -- Installing: /work/stage/include/ngraph/runtime/cpu/pass/cpu_horizontal_fusion.hpp
#15 2.973 -- Installing: /work/stage/include/ngraph/runtime/cpu/pass/cpu_rnn_fusion.hpp
#15 2.973 -- Installing: /work/stage/include/ngraph/runtime/cpu/pass/cpu_fusion.hpp
#15 2.973 -- Installing: /work/stage/include/ngraph/runtime/cpu/pass/cpu_mkldnn_primitive_build.hpp
#15 2.973 -- Installing: /work/stage/include/ngraph/runtime/cpu/pass/cpu_assignment.hpp
#15 2.974 -- Installing: /work/stage/include/ngraph/runtime/cpu/pass/cpu_mat_fusion.hpp
#15 2.974 -- Installing: /work/stage/include/ngraph/runtime/cpu/pass/cpu_workspace_insertion.hpp
#15 2.974 -- Installing: /work/stage/include/ngraph/runtime/cpu/pass/cpu_post_layout_optimizations.hpp
#15 2.974 -- Installing: /work/stage/include/ngraph/runtime/cpu/cpu_runtime_context.hpp
#15 2.974 -- Installing: /work/stage/include/ngraph/runtime/cpu/cpu_layout_descriptor.hpp
#15 2.974 -- Installing: /work/stage/include/ngraph/runtime/cpu/cpu_kernels.hpp
#15 2.974 -- Installing: /work/stage/include/ngraph/runtime/cpu/static_initialize.hpp
#15 2.974 -- Installing: /work/stage/include/ngraph/runtime/cpu/cpu_kernel_utils.hpp
#15 2.974 -- Installing: /work/stage/include/ngraph/runtime/cpu/cpu_tensor.hpp
#15 2.975 -- Installing: /work/stage/include/ngraph/runtime/cpu/cpu_backend_visibility.h
#15 2.975 -- Installing: /work/stage/include/ngraph/runtime/cpu/cpu_cse.hpp
#15 2.975 -- Installing: /work/stage/include/ngraph/runtime/cpu/cpu_visualize_tree.hpp
#15 2.975 -- Installing: /work/stage/include/ngraph/runtime/cpu/cpu_builder.hpp
#15 2.975 -- Installing: /work/stage/include/ngraph/runtime/cpu/kernel
#15 2.975 -- Installing: /work/stage/include/ngraph/runtime/cpu/kernel/dot.hpp
#15 2.975 -- Installing: /work/stage/include/ngraph/runtime/cpu/kernel/sigmoid_multiply.hpp
#15 2.975 -- Installing: /work/stage/include/ngraph/runtime/cpu/kernel/softmax.hpp
#15 2.976 -- Installing: /work/stage/include/ngraph/runtime/cpu/kernel/reduce_min.hpp
#15 2.976 -- Installing: /work/stage/include/ngraph/runtime/cpu/kernel/and.hpp
#15 2.976 -- Installing: /work/stage/include/ngraph/runtime/cpu/kernel/slice.hpp
#15 2.976 -- Installing: /work/stage/include/ngraph/runtime/cpu/kernel/exp.hpp
#15 2.976 -- Installing: /work/stage/include/ngraph/runtime/cpu/kernel/divide.hpp
#15 2.976 -- Installing: /work/stage/include/ngraph/runtime/cpu/kernel/multiply.hpp
#15 2.976 -- Installing: /work/stage/include/ngraph/runtime/cpu/kernel/add.hpp
#15 2.976 -- Installing: /work/stage/include/ngraph/runtime/cpu/kernel/round.hpp
#15 2.977 -- Installing: /work/stage/include/ngraph/runtime/cpu/kernel/tanh.hpp
#15 2.977 -- Installing: /work/stage/include/ngraph/runtime/cpu/kernel/subtract.hpp
#15 2.977 -- Installing: /work/stage/include/ngraph/runtime/cpu/kernel/asin.hpp
#15 2.977 -- Installing: /work/stage/include/ngraph/runtime/cpu/kernel/xor.hpp
#15 2.977 -- Installing: /work/stage/include/ngraph/runtime/cpu/kernel/erf.hpp
#15 2.977 -- Installing: /work/stage/include/ngraph/runtime/cpu/kernel/floor.hpp
#15 2.977 -- Installing: /work/stage/include/ngraph/runtime/cpu/kernel/or.hpp
#15 2.977 -- Installing: /work/stage/include/ngraph/runtime/cpu/kernel/cwise_pow.hpp
#15 2.978 -- Installing: /work/stage/include/ngraph/runtime/cpu/kernel/pad.hpp
#15 2.978 -- Installing: /work/stage/include/ngraph/runtime/cpu/kernel/sqrt.hpp
#15 2.978 -- Installing: /work/stage/include/ngraph/runtime/cpu/kernel/dropout.hpp
#15 2.978 -- Installing: /work/stage/include/ngraph/runtime/cpu/kernel/sinh.hpp
#15 2.978 -- Installing: /work/stage/include/ngraph/runtime/cpu/kernel/cosh.hpp
#15 2.978 -- Installing: /work/stage/include/ngraph/runtime/cpu/kernel/not_equal.hpp
#15 2.978 -- Installing: /work/stage/include/ngraph/runtime/cpu/kernel/negative.hpp
#15 2.978 -- Installing: /work/stage/include/ngraph/runtime/cpu/kernel/result.hpp
#15 2.978 -- Installing: /work/stage/include/ngraph/runtime/cpu/kernel/not.hpp
#15 2.979 -- Installing: /work/stage/include/ngraph/runtime/cpu/kernel/reduce_sum.hpp
#15 2.979 -- Installing: /work/stage/include/ngraph/runtime/cpu/kernel/max_pool.hpp
#15 2.979 -- Installing: /work/stage/include/ngraph/runtime/cpu/kernel/equal.hpp
#15 2.979 -- Installing: /work/stage/include/ngraph/runtime/cpu/kernel/atan2.hpp
#15 2.979 -- Installing: /work/stage/include/ngraph/runtime/cpu/kernel/argmax.hpp
#15 2.979 -- Installing: /work/stage/include/ngraph/runtime/cpu/kernel/greater.hpp
#15 2.979 -- Installing: /work/stage/include/ngraph/runtime/cpu/kernel/update_slice.hpp
#15 2.979 -- Installing: /work/stage/include/ngraph/runtime/cpu/kernel/less_eq.hpp
#15 2.980 -- Installing: /work/stage/include/ngraph/runtime/cpu/kernel/maximum.hpp
#15 2.980 -- Installing: /work/stage/include/ngraph/runtime/cpu/kernel/log.hpp
#15 2.980 -- Installing: /work/stage/include/ngraph/runtime/cpu/kernel/convolution.hpp
#15 2.980 -- Installing: /work/stage/include/ngraph/runtime/cpu/kernel/concat.hpp
#15 2.980 -- Installing: /work/stage/include/ngraph/runtime/cpu/kernel/reduce_max.hpp
#15 2.980 -- Installing: /work/stage/include/ngraph/runtime/cpu/kernel/replace_slice.hpp
#15 2.980 -- Installing: /work/stage/include/ngraph/runtime/cpu/kernel/minimum.hpp
#15 2.980 -- Installing: /work/stage/include/ngraph/runtime/cpu/kernel/convert.hpp
#15 2.981 -- Installing: /work/stage/include/ngraph/runtime/cpu/kernel/cos.hpp
#15 2.981 -- Installing: /work/stage/include/ngraph/runtime/cpu/kernel/broadcast.hpp
#15 2.981 -- Installing: /work/stage/include/ngraph/runtime/cpu/kernel/ceil.hpp
#15 2.981 -- Installing: /work/stage/include/ngraph/runtime/cpu/kernel/abs.hpp
#15 2.981 -- Installing: /work/stage/include/ngraph/runtime/cpu/kernel/sign.hpp
#15 2.981 -- Installing: /work/stage/include/ngraph/runtime/cpu/kernel/reverse_sequence.hpp
#15 2.981 -- Installing: /work/stage/include/ngraph/runtime/cpu/kernel/avg_pool.hpp
#15 2.982 -- Installing: /work/stage/include/ngraph/runtime/cpu/kernel/acos.hpp
#15 2.982 -- Installing: /work/stage/include/ngraph/runtime/cpu/kernel/cum_sum.hpp
#15 2.982 -- Installing: /work/stage/include/ngraph/runtime/cpu/kernel/tan.hpp
#15 2.982 -- Installing: /work/stage/include/ngraph/runtime/cpu/kernel/reduce_product.hpp
#15 2.982 -- Installing: /work/stage/include/ngraph/runtime/cpu/kernel/argmin.hpp
#15 2.982 -- Installing: /work/stage/include/ngraph/runtime/cpu/kernel/reshape.hpp
#15 2.982 -- Installing: /work/stage/include/ngraph/runtime/cpu/kernel/reverse.hpp
#15 2.982 -- Installing: /work/stage/include/ngraph/runtime/cpu/kernel/atan.hpp
#15 2.983 -- Installing: /work/stage/include/ngraph/runtime/cpu/kernel/greater_eq.hpp
#15 2.983 -- Installing: /work/stage/include/ngraph/runtime/cpu/kernel/batchnorm.hpp
#15 2.983 -- Installing: /work/stage/include/ngraph/runtime/cpu/kernel/one_hot.hpp
#15 2.983 -- Installing: /work/stage/include/ngraph/runtime/cpu/kernel/gather.hpp
#15 2.983 -- Installing: /work/stage/include/ngraph/runtime/cpu/kernel/less.hpp
#15 2.983 -- Installing: /work/stage/include/ngraph/runtime/cpu/kernel/relu.hpp
#15 2.983 -- Installing: /work/stage/include/ngraph/runtime/cpu/kernel/sin.hpp
#15 2.983 -- Installing: /work/stage/include/ngraph/runtime/cpu/kernel/scatter_add.hpp
#15 2.984 -- Installing: /work/stage/include/ngraph/runtime/cpu/kernel/select.hpp
#15 2.984 -- Installing: /work/stage/include/ngraph/runtime/cpu/kernel/tile.hpp
#15 2.984 -- Installing: /work/stage/include/ngraph/runtime/cpu/cpu_builder_registry.hpp
#15 2.984 -- Installing: /work/stage/include/ngraph/runtime/cpu/cpu_tracing.hpp
#15 2.984 -- Installing: /work/stage/include/ngraph/runtime/cpu/mkldnn_emitter.hpp
#15 2.984 -- Installing: /work/stage/include/ngraph/runtime/cpu/builder
#15 2.985 -- Installing: /work/stage/include/ngraph/runtime/cpu/builder/reduction.hpp
#15 2.985 -- Installing: /work/stage/include/ngraph/runtime/cpu/cpu_debug_tracer.hpp
#15 2.985 -- Installing: /work/stage/include/ngraph/runtime/cpu/pregenerated_src
#15 2.985 -- Installing: /work/stage/include/ngraph/runtime/cpu/pregenerated_src/cpu_cg_runtime_context.hpp
#15 2.985 -- Installing: /work/stage/include/ngraph/runtime/cpu/cpu_emitter.hpp
#15 2.985 -- Installing: /work/stage/include/ngraph/runtime/cpu/cpu_executor.hpp
#15 2.985 -- Installing: /work/stage/include/ngraph/runtime/cpu/op
#15 2.985 -- Installing: /work/stage/include/ngraph/runtime/cpu/op/bounded_relu.hpp
#15 2.986 -- Installing: /work/stage/include/ngraph/runtime/cpu/op/conv_relu.hpp
#15 2.986 -- Installing: /work/stage/include/ngraph/runtime/cpu/op/rnn.hpp
#15 2.986 -- Installing: /work/stage/include/ngraph/runtime/cpu/op/deconv.hpp
#15 2.986 -- Installing: /work/stage/include/ngraph/runtime/cpu/op/quantized_matmul.hpp
#15 2.986 -- Installing: /work/stage/include/ngraph/runtime/cpu/op/dropout.hpp
#15 2.986 -- Installing: /work/stage/include/ngraph/runtime/cpu/op/rnn_utils.hpp
#15 2.986 -- Installing: /work/stage/include/ngraph/runtime/cpu/op/update_slice.hpp
#15 2.986 -- Installing: /work/stage/include/ngraph/runtime/cpu/op/group_conv_bias.hpp
#15 2.986 -- Installing: /work/stage/include/ngraph/runtime/cpu/op/conv_add.hpp
#15 2.987 -- Installing: /work/stage/include/ngraph/runtime/cpu/op/gelu_backprop.hpp
#15 2.987 -- Installing: /work/stage/include/ngraph/runtime/cpu/op/max_pool_with_indices.hpp
#15 2.987 -- Installing: /work/stage/include/ngraph/runtime/cpu/op/lstm.hpp
#15 2.987 -- Installing: /work/stage/include/ngraph/runtime/cpu/op/matmul_bias.hpp
#15 2.987 -- Installing: /work/stage/include/ngraph/runtime/cpu/op/convert_layout.hpp
#15 2.987 -- Installing: /work/stage/include/ngraph/runtime/cpu/op/batch_norm_relu.hpp
#15 2.987 -- Installing: /work/stage/include/ngraph/runtime/cpu/op/sigmoid_mul.hpp
#15 2.987 -- Installing: /work/stage/include/ngraph/runtime/cpu/op/leaky_relu.hpp
#15 2.988 -- Installing: /work/stage/include/ngraph/runtime/backend_manager.hpp
#15 2.988 -- Installing: /work/stage/include/ngraph/runtime/executable.hpp
#15 2.988 -- Installing: /work/stage/include/ngraph/runtime/aligned_buffer.hpp
#15 2.988 -- Installing: /work/stage/include/ngraph/runtime/dynamic
#15 2.988 -- Installing: /work/stage/include/ngraph/runtime/dynamic/dynamic_backend.hpp
#15 2.988 -- Installing: /work/stage/include/ngraph/runtime/backend.hpp
#15 2.988 -- Installing: /work/stage/include/ngraph/runtime/tensor.hpp
#15 2.988 -- Installing: /work/stage/include/ngraph/runtime/host_tensor.hpp
#15 2.988 -- Installing: /work/stage/include/ngraph/runtime/performance_counter.hpp
#15 2.989 -- Installing: /work/stage/include/ngraph/runtime/reference
#15 2.989 -- Installing: /work/stage/include/ngraph/runtime/reference/dot.hpp
#15 2.989 -- Installing: /work/stage/include/ngraph/runtime/reference/range.hpp
#15 2.989 -- Installing: /work/stage/include/ngraph/runtime/reference/softmax.hpp
#15 2.989 -- Installing: /work/stage/include/ngraph/runtime/reference/sum.hpp
#15 2.989 -- Installing: /work/stage/include/ngraph/runtime/reference/and.hpp
#15 2.989 -- Installing: /work/stage/include/ngraph/runtime/reference/quantize.hpp
#15 2.989 -- Installing: /work/stage/include/ngraph/runtime/reference/slice.hpp
#15 2.990 -- Installing: /work/stage/include/ngraph/runtime/reference/exp.hpp
#15 2.990 -- Installing: /work/stage/include/ngraph/runtime/reference/divide.hpp
#15 2.990 -- Installing: /work/stage/include/ngraph/runtime/reference/broadcast_distributed.hpp
#15 2.990 -- Installing: /work/stage/include/ngraph/runtime/reference/negate.hpp
#15 2.990 -- Installing: /work/stage/include/ngraph/runtime/reference/multiply.hpp
#15 2.990 -- Installing: /work/stage/include/ngraph/runtime/reference/shape_of.hpp
#15 2.990 -- Installing: /work/stage/include/ngraph/runtime/reference/dequantize.hpp
#15 2.990 -- Installing: /work/stage/include/ngraph/runtime/reference/scatter_nd_add.hpp
#15 2.990 -- Installing: /work/stage/include/ngraph/runtime/reference/add.hpp
#15 2.990 -- Installing: /work/stage/include/ngraph/runtime/reference/round.hpp
#15 2.991 -- Installing: /work/stage/include/ngraph/runtime/reference/tanh.hpp
#15 2.991 -- Installing: /work/stage/include/ngraph/runtime/reference/max.hpp
#15 2.991 -- Installing: /work/stage/include/ngraph/runtime/reference/subtract.hpp
#15 2.991 -- Installing: /work/stage/include/ngraph/runtime/reference/asin.hpp
#15 2.991 -- Installing: /work/stage/include/ngraph/runtime/reference/xor.hpp
#15 2.991 -- Installing: /work/stage/include/ngraph/runtime/reference/erf.hpp
#15 2.991 -- Installing: /work/stage/include/ngraph/runtime/reference/power.hpp
#15 2.991 -- Installing: /work/stage/include/ngraph/runtime/reference/constant.hpp
#15 2.992 -- Installing: /work/stage/include/ngraph/runtime/reference/floor.hpp
#15 2.992 -- Installing: /work/stage/include/ngraph/runtime/reference/or.hpp
#15 2.992 -- Installing: /work/stage/include/ngraph/runtime/reference/pad.hpp
#15 2.992 -- Installing: /work/stage/include/ngraph/runtime/reference/sqrt.hpp
#15 2.992 -- Installing: /work/stage/include/ngraph/runtime/reference/sinh.hpp
#15 2.992 -- Installing: /work/stage/include/ngraph/runtime/reference/cosh.hpp
#15 2.992 -- Installing: /work/stage/include/ngraph/runtime/reference/recv.hpp
#15 2.992 -- Installing: /work/stage/include/ngraph/runtime/reference/not_equal.hpp
#15 2.992 -- Installing: /work/stage/include/ngraph/runtime/reference/copy.hpp
#15 2.993 -- Installing: /work/stage/include/ngraph/runtime/reference/mean.hpp
#15 2.993 -- Installing: /work/stage/include/ngraph/runtime/reference/ceiling.hpp
#15 2.993 -- Installing: /work/stage/include/ngraph/runtime/reference/result.hpp
#15 2.993 -- Installing: /work/stage/include/ngraph/runtime/reference/not.hpp
#15 2.993 -- Installing: /work/stage/include/ngraph/runtime/reference/topk.hpp
#15 2.993 -- Installing: /work/stage/include/ngraph/runtime/reference/max_pool.hpp
#15 2.993 -- Installing: /work/stage/include/ngraph/runtime/reference/equal.hpp
#15 2.993 -- Installing: /work/stage/include/ngraph/runtime/reference/min.hpp
#15 2.994 -- Installing: /work/stage/include/ngraph/runtime/reference/atan2.hpp
#15 2.994 -- Installing: /work/stage/include/ngraph/runtime/reference/argmax.hpp
#15 2.994 -- Installing: /work/stage/include/ngraph/runtime/reference/batch_mat_mul.hpp
#15 2.994 -- Installing: /work/stage/include/ngraph/runtime/reference/any.hpp
#15 2.994 -- Installing: /work/stage/include/ngraph/runtime/reference/autobroadcast_binop.hpp
#15 2.994 -- Installing: /work/stage/include/ngraph/runtime/reference/greater.hpp
#15 2.994 -- Installing: /work/stage/include/ngraph/runtime/reference/all.hpp
#15 2.994 -- Installing: /work/stage/include/ngraph/runtime/reference/less_eq.hpp
#15 2.995 -- Installing: /work/stage/include/ngraph/runtime/reference/maximum.hpp
#15 2.995 -- Installing: /work/stage/include/ngraph/runtime/reference/log.hpp
#15 2.995 -- Installing: /work/stage/include/ngraph/runtime/reference/convolution.hpp
#15 2.995 -- Installing: /work/stage/include/ngraph/runtime/reference/concat.hpp
#15 2.995 -- Installing: /work/stage/include/ngraph/runtime/reference/sigmoid.hpp
#15 2.995 -- Installing: /work/stage/include/ngraph/runtime/reference/replace_slice.hpp
#15 2.995 -- Installing: /work/stage/include/ngraph/runtime/reference/minimum.hpp
#15 2.995 -- Installing: /work/stage/include/ngraph/runtime/reference/random_uniform.hpp
#15 2.995 -- Installing: /work/stage/include/ngraph/runtime/reference/send.hpp
#15 2.996 -- Installing: /work/stage/include/ngraph/runtime/reference/convert.hpp
#15 2.996 -- Installing: /work/stage/include/ngraph/runtime/reference/cos.hpp
#15 2.996 -- Installing: /work/stage/include/ngraph/runtime/reference/broadcast.hpp
#15 2.996 -- Installing: /work/stage/include/ngraph/runtime/reference/abs.hpp
#15 2.996 -- Installing: /work/stage/include/ngraph/runtime/reference/sign.hpp
#15 2.996 -- Installing: /work/stage/include/ngraph/runtime/reference/reverse_sequence.hpp
#15 2.996 -- Installing: /work/stage/include/ngraph/runtime/reference/avg_pool.hpp
#15 2.996 -- Installing: /work/stage/include/ngraph/runtime/reference/acos.hpp
#15 2.997 -- Installing: /work/stage/include/ngraph/runtime/reference/product.hpp
#15 2.997 -- Installing: /work/stage/include/ngraph/runtime/reference/embedding_lookup.hpp
#15 2.997 -- Installing: /work/stage/include/ngraph/runtime/reference/cum_sum.hpp
#15 2.997 -- Installing: /work/stage/include/ngraph/runtime/reference/tan.hpp
#15 2.997 -- Installing: /work/stage/include/ngraph/runtime/reference/batch_norm.hpp
#15 2.997 -- Installing: /work/stage/include/ngraph/runtime/reference/gather_nd.hpp
#15 2.997 -- Installing: /work/stage/include/ngraph/runtime/reference/lrn.hpp
#15 2.997 -- Installing: /work/stage/include/ngraph/runtime/reference/argmin.hpp
#15 2.997 -- Installing: /work/stage/include/ngraph/runtime/reference/reshape.hpp
#15 2.998 -- Installing: /work/stage/include/ngraph/runtime/reference/reverse.hpp
#15 2.998 -- Installing: /work/stage/include/ngraph/runtime/reference/allreduce.hpp
#15 2.998 -- Installing: /work/stage/include/ngraph/runtime/reference/atan.hpp
#15 2.998 -- Installing: /work/stage/include/ngraph/runtime/reference/greater_eq.hpp
#15 2.998 -- Installing: /work/stage/include/ngraph/runtime/reference/one_hot.hpp
#15 2.998 -- Installing: /work/stage/include/ngraph/runtime/reference/gather.hpp
#15 2.998 -- Installing: /work/stage/include/ngraph/runtime/reference/less.hpp
#15 2.998 -- Installing: /work/stage/include/ngraph/runtime/reference/relu.hpp
#15 2.999 -- Installing: /work/stage/include/ngraph/runtime/reference/sin.hpp
#15 2.999 -- Installing: /work/stage/include/ngraph/runtime/reference/scatter_add.hpp
#15 2.999 -- Installing: /work/stage/include/ngraph/runtime/reference/generate_mask.hpp
#15 2.999 -- Installing: /work/stage/include/ngraph/runtime/reference/select.hpp
#15 2.999 -- Installing: /work/stage/include/ngraph/runtime/reference/tile.hpp
#15 2.999 -- Installing: /work/stage/include/ngraph/runtime/interpreter
#15 2.999 -- Installing: /work/stage/include/ngraph/runtime/interpreter/int_backend.hpp
#15 2.999 -- Installing: /work/stage/include/ngraph/runtime/interpreter/opset_int_tbl.hpp
#15 3.000 -- Installing: /work/stage/include/ngraph/runtime/interpreter/int_executable.hpp
#15 3.000 -- Installing: /work/stage/include/ngraph/runtime/interpreter/int_backend_visibility.hpp
#15 3.000 -- Installing: /work/stage/include/ngraph/runtime/nop
#15 3.000 -- Installing: /work/stage/include/ngraph/runtime/nop/nop_backend_visibility.hpp
#15 3.000 -- Installing: /work/stage/include/ngraph/runtime/nop/nop_backend.hpp
#15 3.000 -- Installing: /work/stage/include/ngraph/slice_plan.hpp
#15 3.000 -- Installing: /work/stage/include/ngraph/codegen
#15 3.000 -- Installing: /work/stage/include/ngraph/codegen/codegen_visibility.h
#15 3.001 -- Installing: /work/stage/include/ngraph/codegen/execution_engine.hpp
#15 3.001 -- Installing: /work/stage/include/ngraph/codegen/compiler.hpp
#15 3.001 -- Installing: /work/stage/include/ngraph/ngraph.hpp
#15 3.001 -- Installing: /work/stage/include/ngraph/cpio.hpp
#15 3.001 -- Installing: /work/stage/include/ngraph/log.hpp
#15 3.001 -- Installing: /work/stage/include/ngraph/ngraph_visibility.hpp
#15 3.001 -- Installing: /work/stage/include/ngraph/factory.hpp
#15 3.001 -- Installing: /work/stage/include/ngraph/rank.hpp
#15 3.001 -- Installing: /work/stage/include/ngraph/provenance.hpp
#15 3.002 -- Installing: /work/stage/include/ngraph/serializer.hpp
#15 3.002 -- Installing: /work/stage/include/ngraph/partial_shape.hpp
#15 3.002 -- Installing: /work/stage/include/ngraph/coordinate.hpp
#15 3.002 -- Installing: /work/stage/include/ngraph/variant.hpp
#15 3.002 -- Installing: /work/stage/include/ngraph/axis_set.hpp
#15 3.002 -- Installing: /work/stage/include/ngraph/env_util.hpp
#15 3.002 -- Installing: /work/stage/include/ngraph/opsets
#15 3.002 -- Installing: /work/stage/include/ngraph/opsets/opset0.hpp
#15 3.002 -- Installing: /work/stage/include/ngraph/opsets/opset.hpp
#15 3.003 -- Installing: /work/stage/include/ngraph/opsets/opset2_tbl.hpp
#15 3.003 -- Installing: /work/stage/include/ngraph/opsets/opset1.hpp
#15 3.003 -- Installing: /work/stage/include/ngraph/opsets/opset0_tbl.hpp
#15 3.003 -- Installing: /work/stage/include/ngraph/opsets/opset1_tbl.hpp
#15 3.003 -- Installing: /work/stage/include/ngraph/opsets/opset2.hpp
#15 3.003 -- Installing: /work/stage/include/ngraph/descriptor
#15 3.003 -- Installing: /work/stage/include/ngraph/descriptor/tensor.hpp
#15 3.003 -- Installing: /work/stage/include/ngraph/descriptor/input.hpp
#15 3.003 -- Installing: /work/stage/include/ngraph/descriptor/layout
#15 3.004 -- Installing: /work/stage/include/ngraph/descriptor/layout/tensor_layout.hpp
#15 3.004 -- Installing: /work/stage/include/ngraph/descriptor/layout/dense_tensor_layout.hpp
#15 3.004 -- Installing: /work/stage/include/ngraph/descriptor/output.hpp
#15 3.004 -- Installing: /work/stage/include/ngraph/visibility.hpp
#15 3.004 -- Installing: /work/stage/include/ngraph/function.hpp
#15 3.004 -- Installing: /work/stage/include/ngraph/node_input.hpp
#15 3.004 -- Installing: /work/stage/include/ngraph/except.hpp
#15 3.004 -- Installing: /work/stage/include/ngraph/builder
#15 3.004 -- Installing: /work/stage/include/ngraph/builder/dequantize_builder.hpp
#15 3.005 -- Installing: /work/stage/include/ngraph/builder/autobroadcast.hpp
#15 3.005 -- Installing: /work/stage/include/ngraph/builder/quantized_concat_builder.hpp
#15 3.005 -- Installing: /work/stage/include/ngraph/builder/quantized_dot_builder.hpp
#15 3.005 -- Installing: /work/stage/include/ngraph/builder/quantize_builder.hpp
#15 3.005 -- Installing: /work/stage/include/ngraph/builder/numpy_transpose.hpp
#15 3.005 -- Installing: /work/stage/include/ngraph/builder/make_constant.hpp
#15 3.005 -- Installing: /work/stage/include/ngraph/builder/quantized_conv_builder.hpp
#15 3.005 -- Installing: /work/stage/include/ngraph/builder/quantization_utils.hpp
#15 3.005 -- Installing: /work/stage/include/ngraph/builder/reduce_ops.hpp
#15 3.006 -- Installing: /work/stage/include/ngraph/builder/quantization
#15 3.006 -- Installing: /work/stage/include/ngraph/builder/quantization/quantized_linear_convolution.hpp
#15 3.006 -- Installing: /work/stage/include/ngraph/builder/split.hpp
#15 3.006 -- Installing: /work/stage/include/ngraph/builder/reshape.hpp
#15 3.006 -- Installing: /work/stage/include/ngraph/builder/norm.hpp
#15 3.006 -- Installing: /work/stage/include/ngraph/builder/tensor_mask.hpp
#15 3.006 -- Installing: /work/stage/include/ngraph/builder/matmul_factory.hpp
#15 3.006 -- Installing: /work/stage/include/ngraph/coordinate_diff.hpp
#15 3.006 -- Installing: /work/stage/include/ngraph/chrome_trace.hpp
#15 3.007 -- Installing: /work/stage/include/ngraph/version.in.hpp
#15 3.007 -- Installing: /work/stage/include/ngraph/attribute_adapter.hpp
#15 3.007 -- Installing: /work/stage/include/ngraph/op
#15 3.007 -- Installing: /work/stage/include/ngraph/op/dot.hpp
#15 3.007 -- Installing: /work/stage/include/ngraph/op/softmax.hpp
#15 3.007 -- Installing: /work/stage/include/ngraph/op/sum.hpp
#15 3.007 -- Installing: /work/stage/include/ngraph/op/and.hpp
#15 3.007 -- Installing: /work/stage/include/ngraph/op/quantize.hpp
#15 3.008 -- Installing: /work/stage/include/ngraph/op/slice.hpp
#15 3.008 -- Installing: /work/stage/include/ngraph/op/exp.hpp
#15 3.008 -- Installing: /work/stage/include/ngraph/op/divide.hpp
#15 3.008 -- Installing: /work/stage/include/ngraph/op/broadcast_distributed.hpp
#15 3.008 -- Installing: /work/stage/include/ngraph/op/multiply.hpp
#15 3.008 -- Installing: /work/stage/include/ngraph/op/binary_convolution.hpp
#15 3.008 -- Installing: /work/stage/include/ngraph/op/dequantize.hpp
#15 3.008 -- Installing: /work/stage/include/ngraph/op/scatter_nd_add.hpp
#15 3.008 -- Installing: /work/stage/include/ngraph/op/gather_tree.hpp
#15 3.009 -- Installing: /work/stage/include/ngraph/op/op_version_tbl.hpp
#15 3.009 -- Installing: /work/stage/include/ngraph/op/strided_slice.hpp
#15 3.009 -- Installing: /work/stage/include/ngraph/op/add.hpp
#15 3.009 -- Installing: /work/stage/include/ngraph/op/passthrough.hpp
#15 3.009 -- Installing: /work/stage/include/ngraph/op/reduce_mean.hpp
#15 3.009 -- Installing: /work/stage/include/ngraph/op/round.hpp
#15 3.009 -- Installing: /work/stage/include/ngraph/op/tanh.hpp
#15 3.010 -- Installing: /work/stage/include/ngraph/op/reduce_logical_and.hpp
#15 3.010 -- Installing: /work/stage/include/ngraph/op/max.hpp
#15 3.010 -- Installing: /work/stage/include/ngraph/op/experimental
#15 3.010 -- Installing: /work/stage/include/ngraph/op/experimental/quantized_conv_relu.hpp
#15 3.010 -- Installing: /work/stage/include/ngraph/op/experimental/range.hpp
#15 3.010 -- Installing: /work/stage/include/ngraph/op/experimental/shape_of.hpp
#15 3.010 -- Installing: /work/stage/include/ngraph/op/experimental/dyn_broadcast.hpp
#15 3.010 -- Installing: /work/stage/include/ngraph/op/experimental/dyn_replace_slice.hpp
#15 3.011 -- Installing: /work/stage/include/ngraph/op/experimental/dyn_reshape.hpp
#15 3.011 -- Installing: /work/stage/include/ngraph/op/experimental/transpose.hpp
#15 3.011 -- Installing: /work/stage/include/ngraph/op/experimental/batch_mat_mul.hpp
#15 3.011 -- Installing: /work/stage/include/ngraph/op/experimental/compiled_kernel.hpp
#15 3.011 -- Installing: /work/stage/include/ngraph/op/experimental/random_uniform.hpp
#15 3.011 -- Installing: /work/stage/include/ngraph/op/experimental/quantized_dot_bias.hpp
#15 3.011 -- Installing: /work/stage/include/ngraph/op/experimental/dyn_pad.hpp
#15 3.011 -- Installing: /work/stage/include/ngraph/op/experimental/quantized_conv_bias.hpp
#15 3.011 -- Installing: /work/stage/include/ngraph/op/experimental/dyn_slice.hpp
#15 3.012 -- Installing: /work/stage/include/ngraph/op/experimental/generate_mask.hpp
#15 3.012 -- Installing: /work/stage/include/ngraph/op/experimental/layers
#15 3.012 -- Installing: /work/stage/include/ngraph/op/experimental/layers/proposal.hpp
#15 3.012 -- Installing: /work/stage/include/ngraph/op/experimental/layers/psroi_pooling.hpp
#15 3.012 -- Installing: /work/stage/include/ngraph/op/experimental/layers/interpolate.hpp
#15 3.012 -- Installing: /work/stage/include/ngraph/op/experimental/layers/ctc_greedy_decoder.hpp
#15 3.012 -- Installing: /work/stage/include/ngraph/op/experimental/layers/reorg_yolo.hpp
#15 3.012 -- Installing: /work/stage/include/ngraph/op/experimental/layers/prior_box_clustered.hpp
#15 3.012 -- Installing: /work/stage/include/ngraph/op/experimental/layers/prior_box.hpp
#15 3.013 -- Installing: /work/stage/include/ngraph/op/experimental/layers/detection_output.hpp
#15 3.013 -- Installing: /work/stage/include/ngraph/op/experimental/layers/region_yolo.hpp
#15 3.013 -- Installing: /work/stage/include/ngraph/op/experimental/layers/roi_pooling.hpp
#15 3.013 -- Installing: /work/stage/include/ngraph/op/experimental/tile.hpp
#15 3.013 -- Installing: /work/stage/include/ngraph/op/subtract.hpp
#15 3.013 -- Installing: /work/stage/include/ngraph/op/asin.hpp
#15 3.013 -- Installing: /work/stage/include/ngraph/op/xor.hpp
#15 3.013 -- Installing: /work/stage/include/ngraph/op/erf.hpp
#15 3.014 -- Installing: /work/stage/include/ngraph/op/power.hpp
#15 3.014 -- Installing: /work/stage/include/ngraph/op/constant.hpp
#15 3.014 -- Installing: /work/stage/include/ngraph/op/floor.hpp
#15 3.014 -- Installing: /work/stage/include/ngraph/op/floor_mod.hpp
#15 3.014 -- Installing: /work/stage/include/ngraph/op/or.hpp
#15 3.014 -- Installing: /work/stage/include/ngraph/op/pad.hpp
#15 3.014 -- Installing: /work/stage/include/ngraph/op/sqrt.hpp
#15 3.014 -- Installing: /work/stage/include/ngraph/op/convert_like.hpp
#15 3.014 -- Installing: /work/stage/include/ngraph/op/sinh.hpp
#15 3.015 -- Installing: /work/stage/include/ngraph/op/cosh.hpp
#15 3.015 -- Installing: /work/stage/include/ngraph/op/recv.hpp
#15 3.015 -- Installing: /work/stage/include/ngraph/op/not_equal.hpp
#15 3.015 -- Installing: /work/stage/include/ngraph/op/negative.hpp
#15 3.015 -- Installing: /work/stage/include/ngraph/op/ceiling.hpp
#15 3.015 -- Installing: /work/stage/include/ngraph/op/result.hpp
#15 3.015 -- Installing: /work/stage/include/ngraph/op/not.hpp
#15 3.015 -- Installing: /work/stage/include/ngraph/op/topk.hpp
#15 3.016 -- Installing: /work/stage/include/ngraph/op/reduce_sum.hpp
#15 3.016 -- Installing: /work/stage/include/ngraph/op/max_pool.hpp
#15 3.016 -- Installing: /work/stage/include/ngraph/op/equal.hpp
#15 3.016 -- Installing: /work/stage/include/ngraph/op/min.hpp
#15 3.016 -- Installing: /work/stage/include/ngraph/op/atan2.hpp
#15 3.016 -- Installing: /work/stage/include/ngraph/op/argmax.hpp
#15 3.016 -- Installing: /work/stage/include/ngraph/op/get_output_element.hpp
#15 3.016 -- Installing: /work/stage/include/ngraph/op/any.hpp
#15 3.016 -- Installing: /work/stage/include/ngraph/op/greater.hpp
#15 3.017 -- Installing: /work/stage/include/ngraph/op/all.hpp
#15 3.017 -- Installing: /work/stage/include/ngraph/op/less_eq.hpp
#15 3.017 -- Installing: /work/stage/include/ngraph/op/maximum.hpp
#15 3.017 -- Installing: /work/stage/include/ngraph/op/stop_gradient.hpp
#15 3.017 -- Installing: /work/stage/include/ngraph/op/log.hpp
#15 3.017 -- Installing: /work/stage/include/ngraph/op/convolution.hpp
#15 3.017 -- Installing: /work/stage/include/ngraph/op/concat.hpp
#15 3.018 -- Installing: /work/stage/include/ngraph/op/sigmoid.hpp
#15 3.018 -- Installing: /work/stage/include/ngraph/op/replace_slice.hpp
#15 3.018 -- Installing: /work/stage/include/ngraph/op/minimum.hpp
#15 3.018 -- Installing: /work/stage/include/ngraph/op/non_max_suppression.hpp
#15 3.018 -- Installing: /work/stage/include/ngraph/op/send.hpp
#15 3.018 -- Installing: /work/stage/include/ngraph/op/deformable_psroi_pooling.hpp
#15 3.018 -- Installing: /work/stage/include/ngraph/op/convert.hpp
#15 3.018 -- Installing: /work/stage/include/ngraph/op/cos.hpp
#15 3.019 -- Installing: /work/stage/include/ngraph/op/broadcast.hpp
#15 3.019 -- Installing: /work/stage/include/ngraph/op/abs.hpp
#15 3.019 -- Installing: /work/stage/include/ngraph/op/sign.hpp
#15 3.019 -- Installing: /work/stage/include/ngraph/op/reverse_sequence.hpp
#15 3.019 -- Installing: /work/stage/include/ngraph/op/reduce_logical_or.hpp
#15 3.019 -- Installing: /work/stage/include/ngraph/op/avg_pool.hpp
#15 3.019 -- Installing: /work/stage/include/ngraph/op/acos.hpp
#15 3.019 -- Installing: /work/stage/include/ngraph/op/reduce_prod.hpp
#15 3.020 -- Installing: /work/stage/include/ngraph/op/product.hpp
#15 3.020 -- Installing: /work/stage/include/ngraph/op/embedding_lookup.hpp
#15 3.020 -- Installing: /work/stage/include/ngraph/op/crop_and_resize.hpp
#15 3.020 -- Installing: /work/stage/include/ngraph/op/cum_sum.hpp
#15 3.020 -- Installing: /work/stage/include/ngraph/op/tan.hpp
#15 3.020 -- Installing: /work/stage/include/ngraph/op/batch_norm.hpp
#15 3.020 -- Installing: /work/stage/include/ngraph/op/gather_nd.hpp
#15 3.020 -- Installing: /work/stage/include/ngraph/op/util
#15 3.021 -- Installing: /work/stage/include/ngraph/op/util/op_annotations.hpp
#15 3.021 -- Installing: /work/stage/include/ngraph/op/util/arithmetic_reductions_keep_dims.hpp
#15 3.021 -- Installing: /work/stage/include/ngraph/op/util/unary_elementwise_arithmetic.hpp
#15 3.021 -- Installing: /work/stage/include/ngraph/op/util/binary_elementwise_comparison.hpp
#15 3.021 -- Installing: /work/stage/include/ngraph/op/util/activation_functions.hpp
#15 3.021 -- Installing: /work/stage/include/ngraph/op/util/logical_reduction.hpp
#15 3.021 -- Installing: /work/stage/include/ngraph/op/util/fused_op.hpp
#15 3.021 -- Installing: /work/stage/include/ngraph/op/util/logical_reduction_keep_dims.hpp
#15 3.021 -- Installing: /work/stage/include/ngraph/op/util/attr_types.hpp
#15 3.022 -- Installing: /work/stage/include/ngraph/op/util/binary_elementwise_arithmetic.hpp
#15 3.022 -- Installing: /work/stage/include/ngraph/op/util/binary_elementwise_logical.hpp
#15 3.022 -- Installing: /work/stage/include/ngraph/op/util/index_reduction.hpp
#15 3.022 -- Installing: /work/stage/include/ngraph/op/util/rnn_cell_base.hpp
#15 3.022 -- Installing: /work/stage/include/ngraph/op/util/arithmetic_reduction.hpp
#15 3.022 -- Installing: /work/stage/include/ngraph/op/lrn.hpp
#15 3.022 -- Installing: /work/stage/include/ngraph/op/argmin.hpp
#15 3.022 -- Installing: /work/stage/include/ngraph/op/variadic_split.hpp
#15 3.023 -- Installing: /work/stage/include/ngraph/op/fused
#15 3.023 -- Installing: /work/stage/include/ngraph/op/fused/unsqueeze.hpp
#15 3.023 -- Installing: /work/stage/include/ngraph/op/fused/matmul.hpp
#15 3.023 -- Installing: /work/stage/include/ngraph/op/fused/rnn_cell.hpp
#15 3.023 -- Installing: /work/stage/include/ngraph/op/fused/softmax_crossentropy.hpp
#15 3.023 -- Installing: /work/stage/include/ngraph/op/fused/group_conv.hpp
#15 3.023 -- Installing: /work/stage/include/ngraph/op/fused/space_to_batch.hpp
#15 3.023 -- Installing: /work/stage/include/ngraph/op/fused/conv_fused.hpp
#15 3.024 -- Installing: /work/stage/include/ngraph/op/fused/lstm_cell.hpp
#15 3.024 -- Installing: /work/stage/include/ngraph/op/fused/fake_quantize.hpp
#15 3.024 -- Installing: /work/stage/include/ngraph/op/fused/gelu.hpp
#15 3.024 -- Installing: /work/stage/include/ngraph/op/fused/space_to_depth.hpp
#15 3.024 -- Installing: /work/stage/include/ngraph/op/fused/batch_mat_mul_transpose.hpp
#15 3.024 -- Installing: /work/stage/include/ngraph/op/fused/batch_to_space.hpp
#15 3.024 -- Installing: /work/stage/include/ngraph/op/fused/normalize_l2.hpp
#15 3.024 -- Installing: /work/stage/include/ngraph/op/fused/scatter_nd.hpp
#15 3.024 -- Installing: /work/stage/include/ngraph/op/fused/squeeze.hpp
#15 3.025 -- Installing: /work/stage/include/ngraph/op/fused/mvn.hpp
#15 3.025 -- Installing: /work/stage/include/ngraph/op/fused/crossentropy.hpp
#15 3.025 -- Installing: /work/stage/include/ngraph/op/fused/layer_norm.hpp
#15 3.025 -- Installing: /work/stage/include/ngraph/op/fused/split.hpp
#15 3.025 -- Installing: /work/stage/include/ngraph/op/fused/clamp.hpp
#15 3.025 -- Installing: /work/stage/include/ngraph/op/fused/stack.hpp
#15 3.025 -- Installing: /work/stage/include/ngraph/op/fused/depth_to_space.hpp
#15 3.025 -- Installing: /work/stage/include/ngraph/op/fused/hard_sigmoid.hpp
#15 3.026 -- Installing: /work/stage/include/ngraph/op/fused/prelu.hpp
#15 3.026 -- Installing: /work/stage/include/ngraph/op/fused/mod.hpp
#15 3.026 -- Installing: /work/stage/include/ngraph/op/fused/elu.hpp
#15 3.026 -- Installing: /work/stage/include/ngraph/op/fused/lstm_sequence.hpp
#15 3.026 -- Installing: /work/stage/include/ngraph/op/fused/grn.hpp
#15 3.026 -- Installing: /work/stage/include/ngraph/op/fused/scale_shift.hpp
#15 3.026 -- Installing: /work/stage/include/ngraph/op/fused/gru_cell.hpp
#15 3.026 -- Installing: /work/stage/include/ngraph/op/fused/selu.hpp
#15 3.026 -- Installing: /work/stage/include/ngraph/op/fused/squared_difference.hpp
#15 3.027 -- Installing: /work/stage/include/ngraph/op/fused/partial_slice.hpp
#15 3.027 -- Installing: /work/stage/include/ngraph/op/fused/shuffle_channels.hpp
#15 3.027 -- Installing: /work/stage/include/ngraph/op/fused/gemm.hpp
#15 3.027 -- Installing: /work/stage/include/ngraph/op/reshape.hpp
#15 3.027 -- Installing: /work/stage/include/ngraph/op/reverse.hpp
#15 3.027 -- Installing: /work/stage/include/ngraph/op/parameter.hpp
#15 3.027 -- Installing: /work/stage/include/ngraph/op/allreduce.hpp
#15 3.027 -- Installing: /work/stage/include/ngraph/op/atan.hpp
#15 3.028 -- Installing: /work/stage/include/ngraph/op/greater_eq.hpp
#15 3.028 -- Installing: /work/stage/include/ngraph/op/op.hpp
#15 3.028 -- Installing: /work/stage/include/ngraph/op/one_hot.hpp
#15 3.028 -- Installing: /work/stage/include/ngraph/op/gather.hpp
#15 3.028 -- Installing: /work/stage/include/ngraph/op/less.hpp
#15 3.028 -- Installing: /work/stage/include/ngraph/op/quantized_dot.hpp
#15 3.028 -- Installing: /work/stage/include/ngraph/op/relu.hpp
#15 3.028 -- Installing: /work/stage/include/ngraph/op/sin.hpp
#15 3.029 -- Installing: /work/stage/include/ngraph/op/scatter_add.hpp
#15 3.029 -- Installing: /work/stage/include/ngraph/op/select.hpp
#15 3.029 -- Installing: /work/stage/include/ngraph/op/tensor_iterator.hpp
#15 3.029 -- Installing: /work/stage/include/ngraph/op/quantized_convolution.hpp
#15 3.029 -- Installing: /work/stage/include/ngraph/op/deformable_convolution.hpp
#15 3.029 -- Installing: /work/stage/include/ngraph/lambda.hpp
#15 3.030 -- Installing: /work/stage/include/ngraph/placement.hpp
#15 3.030 -- Installing: /work/stage/include/ngraph/strides.hpp
#15 3.030 -- Installing: /work/stage/include/ngraph/graph_util.hpp
#15 3.030 -- Installing: /work/stage/include/ngraph/validation_util.hpp
#15 3.030 -- Installing: /work/stage/include/ngraph/version.hpp
#15 3.031 -- Installing: /work/stage/lib/libinterpreter_backend.so
#15 3.033 -- Set runtime path of "/work/stage/lib/libinterpreter_backend.so" to "$ORIGIN"
#15 3.033 -- Installing: /work/stage/lib/libngraph_test_util.a
#15 3.035 -- Installing: /work/stage/deployment_tools/inference_engine/lib/armv7l/usb-ma2450.mvcmd
#15 3.036 -- Installing: /work/stage/deployment_tools/inference_engine/lib/armv7l/usb-ma2x8x.mvcmd
#15 3.038 -- Installing: /work/stage/deployment_tools/inference_engine/lib/armv7l/pcie-ma248x.mvcmd
#15 3.040 -- Installing: /work/stage/deployment_tools/inference_engine/samples/cpp
#15 3.040 -- Installing: /work/stage/deployment_tools/inference_engine/samples/cpp/CMakeLists.txt
#15 3.040 -- Installing: /work/stage/deployment_tools/inference_engine/samples/cpp/hello_reshape_ssd
#15 3.040 -- Installing: /work/stage/deployment_tools/inference_engine/samples/cpp/hello_reshape_ssd/CMakeLists.txt
#15 3.040 -- Installing: /work/stage/deployment_tools/inference_engine/samples/cpp/hello_reshape_ssd/main.cpp
#15 3.041 -- Installing: /work/stage/deployment_tools/inference_engine/samples/cpp/hello_reshape_ssd/reshape_ssd_extension.hpp
#15 3.041 -- Installing: /work/stage/deployment_tools/inference_engine/samples/cpp/hello_reshape_ssd/README.md
#15 3.041 -- Installing: /work/stage/deployment_tools/inference_engine/samples/cpp/hello_nv12_input_classification
#15 3.041 -- Installing: /work/stage/deployment_tools/inference_engine/samples/cpp/hello_nv12_input_classification/CMakeLists.txt
#15 3.041 -- Installing: /work/stage/deployment_tools/inference_engine/samples/cpp/hello_nv12_input_classification/main.cpp
#15 3.041 -- Installing: /work/stage/deployment_tools/inference_engine/samples/cpp/hello_nv12_input_classification/README.md
#15 3.041 -- Installing: /work/stage/deployment_tools/inference_engine/samples/cpp/object_detection_sample_ssd
#15 3.041 -- Installing: /work/stage/deployment_tools/inference_engine/samples/cpp/object_detection_sample_ssd/object_detection_sample_ssd.h
#15 3.041 -- Installing: /work/stage/deployment_tools/inference_engine/samples/cpp/object_detection_sample_ssd/CMakeLists.txt
#15 3.042 -- Installing: /work/stage/deployment_tools/inference_engine/samples/cpp/object_detection_sample_ssd/main.cpp
#15 3.042 -- Installing: /work/stage/deployment_tools/inference_engine/samples/cpp/object_detection_sample_ssd/README.md
#15 3.042 -- Installing: /work/stage/deployment_tools/inference_engine/samples/cpp/common
#15 3.042 -- Installing: /work/stage/deployment_tools/inference_engine/samples/cpp/common/format_reader
#15 3.042 -- Installing: /work/stage/deployment_tools/inference_engine/samples/cpp/common/format_reader/opencv_wraper.h
#15 3.042 -- Installing: /work/stage/deployment_tools/inference_engine/samples/cpp/common/format_reader/CMakeLists.txt
#15 3.042 -- Installing: /work/stage/deployment_tools/inference_engine/samples/cpp/common/format_reader/bmp.cpp
#15 3.042 -- Installing: /work/stage/deployment_tools/inference_engine/samples/cpp/common/format_reader/opencv_wraper.cpp
#15 3.042 -- Installing: /work/stage/deployment_tools/inference_engine/samples/cpp/common/format_reader/format_reader.h
#15 3.043 -- Installing: /work/stage/deployment_tools/inference_engine/samples/cpp/common/format_reader/register.h
#15 3.043 -- Installing: /work/stage/deployment_tools/inference_engine/samples/cpp/common/format_reader/MnistUbyte.cpp
#15 3.043 -- Installing: /work/stage/deployment_tools/inference_engine/samples/cpp/common/format_reader/format_reader_ptr.h
#15 3.043 -- Installing: /work/stage/deployment_tools/inference_engine/samples/cpp/common/format_reader/MnistUbyte.h
#15 3.043 -- Installing: /work/stage/deployment_tools/inference_engine/samples/cpp/common/format_reader/bmp.h
#15 3.043 -- Installing: /work/stage/deployment_tools/inference_engine/samples/cpp/common/format_reader/format_reader.cpp
#15 3.043 -- Installing: /work/stage/deployment_tools/inference_engine/samples/cpp/common/os
#15 3.043 -- Installing: /work/stage/deployment_tools/inference_engine/samples/cpp/common/os/windows
#15 3.043 -- Installing: /work/stage/deployment_tools/inference_engine/samples/cpp/common/os/windows/w_dirent.h
#15 3.044 -- Installing: /work/stage/deployment_tools/inference_engine/samples/cpp/common/samples
#15 3.044 -- Installing: /work/stage/deployment_tools/inference_engine/samples/cpp/common/samples/common.hpp
#15 3.044 -- Installing: /work/stage/deployment_tools/inference_engine/samples/cpp/common/samples/args_helper.hpp
#15 3.044 -- Installing: /work/stage/deployment_tools/inference_engine/samples/cpp/common/samples/csv_dumper.hpp
#15 3.044 -- Installing: /work/stage/deployment_tools/inference_engine/samples/cpp/common/samples/ocv_common.hpp
#15 3.044 -- Installing: /work/stage/deployment_tools/inference_engine/samples/cpp/common/samples/classification_results.h
#15 3.044 -- Installing: /work/stage/deployment_tools/inference_engine/samples/cpp/common/samples/slog.hpp
#15 3.044 -- Installing: /work/stage/deployment_tools/inference_engine/samples/cpp/common/samples/console_progress.hpp
#15 3.044 -- Installing: /work/stage/deployment_tools/inference_engine/samples/cpp/common/vpu
#15 3.045 -- Installing: /work/stage/deployment_tools/inference_engine/samples/cpp/common/vpu/vpu_tools_common.hpp
#15 3.045 -- Installing: /work/stage/deployment_tools/inference_engine/samples/cpp/hello_query_device
#15 3.045 -- Installing: /work/stage/deployment_tools/inference_engine/samples/cpp/hello_query_device/CMakeLists.txt
#15 3.045 -- Installing: /work/stage/deployment_tools/inference_engine/samples/cpp/hello_query_device/main.cpp
#15 3.045 -- Installing: /work/stage/deployment_tools/inference_engine/samples/cpp/hello_query_device/README.md
#15 3.045 -- Installing: /work/stage/deployment_tools/inference_engine/samples/cpp/build_samples.sh
#15 3.046 -- Installing: /work/stage/deployment_tools/inference_engine/samples/cpp/hello_classification
#15 3.046 -- Installing: /work/stage/deployment_tools/inference_engine/samples/cpp/hello_classification/CMakeLists.txt
#15 3.046 -- Installing: /work/stage/deployment_tools/inference_engine/samples/cpp/hello_classification/main.cpp
#15 3.046 -- Installing: /work/stage/deployment_tools/inference_engine/samples/cpp/hello_classification/README.md
#15 3.046 -- Installing: /work/stage/deployment_tools/inference_engine/samples/cpp/speech_sample
#15 3.046 -- Installing: /work/stage/deployment_tools/inference_engine/samples/cpp/speech_sample/CMakeLists.txt
#15 3.046 -- Installing: /work/stage/deployment_tools/inference_engine/samples/cpp/speech_sample/main.cpp
#15 3.046 -- Installing: /work/stage/deployment_tools/inference_engine/samples/cpp/speech_sample/speech_sample.hpp
#15 3.046 -- Installing: /work/stage/deployment_tools/inference_engine/samples/cpp/speech_sample/README.md
#15 3.047 -- Installing: /work/stage/deployment_tools/inference_engine/samples/cpp/classification_sample_async
#15 3.047 -- Installing: /work/stage/deployment_tools/inference_engine/samples/cpp/classification_sample_async/CMakeLists.txt
#15 3.047 -- Installing: /work/stage/deployment_tools/inference_engine/samples/cpp/classification_sample_async/main.cpp
#15 3.047 -- Installing: /work/stage/deployment_tools/inference_engine/samples/cpp/classification_sample_async/classification_sample_async.h
#15 3.047 -- Installing: /work/stage/deployment_tools/inference_engine/samples/cpp/classification_sample_async/README.md
#15 3.047 -- Installing: /work/stage/deployment_tools/inference_engine/samples/cpp/benchmark_app
#15 3.047 -- Installing: /work/stage/deployment_tools/inference_engine/samples/cpp/benchmark_app/CMakeLists.txt
#15 3.047 -- Installing: /work/stage/deployment_tools/inference_engine/samples/cpp/benchmark_app/inputs_filling.hpp
#15 3.047 -- Installing: /work/stage/deployment_tools/inference_engine/samples/cpp/benchmark_app/utils.cpp
#15 3.048 -- Installing: /work/stage/deployment_tools/inference_engine/samples/cpp/benchmark_app/statistics_report.cpp
#15 3.048 -- Installing: /work/stage/deployment_tools/inference_engine/samples/cpp/benchmark_app/main.cpp
#15 3.048 -- Installing: /work/stage/deployment_tools/inference_engine/samples/cpp/benchmark_app/infer_request_wrap.hpp
#15 3.048 -- Installing: /work/stage/deployment_tools/inference_engine/samples/cpp/benchmark_app/statistics_report.hpp
#15 3.048 -- Installing: /work/stage/deployment_tools/inference_engine/samples/cpp/benchmark_app/benchmark_app.hpp
#15 3.048 -- Installing: /work/stage/deployment_tools/inference_engine/samples/cpp/benchmark_app/README.md
#15 3.048 -- Installing: /work/stage/deployment_tools/inference_engine/samples/cpp/benchmark_app/inputs_filling.cpp
#15 3.048 -- Installing: /work/stage/deployment_tools/inference_engine/samples/cpp/benchmark_app/utils.hpp
#15 3.049 -- Installing: /work/stage/deployment_tools/inference_engine/samples/cpp/benchmark_app/progress_bar.hpp
#15 3.049 -- Installing: /work/stage/deployment_tools/inference_engine/samples/cpp/thirdparty
#15 3.049 -- Installing: /work/stage/deployment_tools/inference_engine/samples/cpp/thirdparty/gflags
#15 3.049 -- Installing: /work/stage/deployment_tools/inference_engine/samples/cpp/thirdparty/gflags/CMakeLists.txt
#15 3.049 -- Installing: /work/stage/deployment_tools/inference_engine/samples/cpp/thirdparty/gflags/COPYING.txt
#15 3.049 -- Installing: /work/stage/deployment_tools/inference_engine/samples/cpp/thirdparty/gflags/.gitignore
#15 3.049 -- Installing: /work/stage/deployment_tools/inference_engine/samples/cpp/thirdparty/gflags/AUTHORS.txt
#15 3.049 -- Installing: /work/stage/deployment_tools/inference_engine/samples/cpp/thirdparty/gflags/BUILD
#15 3.049 -- Installing: /work/stage/deployment_tools/inference_engine/samples/cpp/thirdparty/gflags/test
#15 3.050 -- Installing: /work/stage/deployment_tools/inference_engine/samples/cpp/thirdparty/gflags/test/CMakeLists.txt
#15 3.050 -- Installing: /work/stage/deployment_tools/inference_engine/samples/cpp/thirdparty/gflags/test/gflags_unittest.cc
#15 3.050 -- Installing: /work/stage/deployment_tools/inference_engine/samples/cpp/thirdparty/gflags/test/gflags_declare_test.cc
#15 3.050 -- Installing: /work/stage/deployment_tools/inference_engine/samples/cpp/thirdparty/gflags/test/gflags_build.py.in
#15 3.050 -- Installing: /work/stage/deployment_tools/inference_engine/samples/cpp/thirdparty/gflags/test/flagfile.1
#15 3.050 -- Installing: /work/stage/deployment_tools/inference_engine/samples/cpp/thirdparty/gflags/test/config
#15 3.050 -- Installing: /work/stage/deployment_tools/inference_engine/samples/cpp/thirdparty/gflags/test/config/CMakeLists.txt
#15 3.050 -- Installing: /work/stage/deployment_tools/inference_engine/samples/cpp/thirdparty/gflags/test/config/main.cc
#15 3.050 -- Installing: /work/stage/deployment_tools/inference_engine/samples/cpp/thirdparty/gflags/test/gflags_unittest_flagfile
#15 3.051 -- Installing: /work/stage/deployment_tools/inference_engine/samples/cpp/thirdparty/gflags/test/gflags_declare_flags.cc
#15 3.051 -- Installing: /work/stage/deployment_tools/inference_engine/samples/cpp/thirdparty/gflags/test/gflags_strip_flags_test.cc
#15 3.051 -- Installing: /work/stage/deployment_tools/inference_engine/samples/cpp/thirdparty/gflags/test/flagfile.2
#15 3.051 -- Installing: /work/stage/deployment_tools/inference_engine/samples/cpp/thirdparty/gflags/test/flagfile.3
#15 3.051 -- Installing: /work/stage/deployment_tools/inference_engine/samples/cpp/thirdparty/gflags/test/gflags_strip_flags_test.cmake
#15 3.051 -- Installing: /work/stage/deployment_tools/inference_engine/samples/cpp/thirdparty/gflags/test/nc
#15 3.051 -- Installing: /work/stage/deployment_tools/inference_engine/samples/cpp/thirdparty/gflags/test/nc/CMakeLists.txt
#15 3.051 -- Installing: /work/stage/deployment_tools/inference_engine/samples/cpp/thirdparty/gflags/test/nc/gflags_nc.cc
#15 3.051 -- Installing: /work/stage/deployment_tools/inference_engine/samples/cpp/thirdparty/gflags/doc
#15 3.052 -- Installing: /work/stage/deployment_tools/inference_engine/samples/cpp/thirdparty/gflags/doc/index.html
#15 3.052 -- Installing: /work/stage/deployment_tools/inference_engine/samples/cpp/thirdparty/gflags/doc/designstyle.css
#15 3.052 -- Installing: /work/stage/deployment_tools/inference_engine/samples/cpp/thirdparty/gflags/doc/.nojekyll
#15 3.052 -- Installing: /work/stage/deployment_tools/inference_engine/samples/cpp/thirdparty/gflags/bazel
#15 3.052 -- Installing: /work/stage/deployment_tools/inference_engine/samples/cpp/thirdparty/gflags/bazel/gflags.bzl
#15 3.052 -- Installing: /work/stage/deployment_tools/inference_engine/samples/cpp/thirdparty/gflags/src
#15 3.052 -- Installing: /work/stage/deployment_tools/inference_engine/samples/cpp/thirdparty/gflags/src/mutex.h
#15 3.052 -- Installing: /work/stage/deployment_tools/inference_engine/samples/cpp/thirdparty/gflags/src/gflags_ns.h.in
#15 3.053 -- Installing: /work/stage/deployment_tools/inference_engine/samples/cpp/thirdparty/gflags/src/windows_port.cc
#15 3.053 -- Installing: /work/stage/deployment_tools/inference_engine/samples/cpp/thirdparty/gflags/src/config.h.in
#15 3.053 -- Installing: /work/stage/deployment_tools/inference_engine/samples/cpp/thirdparty/gflags/src/util.h
#15 3.053 -- Installing: /work/stage/deployment_tools/inference_engine/samples/cpp/thirdparty/gflags/src/gflags.h.in
#15 3.053 -- Installing: /work/stage/deployment_tools/inference_engine/samples/cpp/thirdparty/gflags/src/gflags_declare.h.in
#15 3.053 -- Installing: /work/stage/deployment_tools/inference_engine/samples/cpp/thirdparty/gflags/src/windows_port.h
#15 3.053 -- Installing: /work/stage/deployment_tools/inference_engine/samples/cpp/thirdparty/gflags/src/gflags_completions.h.in
#15 3.053 -- Installing: /work/stage/deployment_tools/inference_engine/samples/cpp/thirdparty/gflags/src/gflags_completions.sh
#15 3.054 -- Installing: /work/stage/deployment_tools/inference_engine/samples/cpp/thirdparty/gflags/src/gflags_reporting.cc
#15 3.054 -- Installing: /work/stage/deployment_tools/inference_engine/samples/cpp/thirdparty/gflags/src/gflags_completions.cc
#15 3.054 -- Installing: /work/stage/deployment_tools/inference_engine/samples/cpp/thirdparty/gflags/src/gflags.cc
#15 3.054 -- Installing: /work/stage/deployment_tools/inference_engine/samples/cpp/thirdparty/gflags/README.md
#15 3.054 -- Installing: /work/stage/deployment_tools/inference_engine/samples/cpp/thirdparty/gflags/.gitattributes
#15 3.054 -- Installing: /work/stage/deployment_tools/inference_engine/samples/cpp/thirdparty/gflags/WORKSPACE
#15 3.054 -- Installing: /work/stage/deployment_tools/inference_engine/samples/cpp/thirdparty/gflags/.travis.yml
#15 3.054 -- Installing: /work/stage/deployment_tools/inference_engine/samples/cpp/thirdparty/gflags/appveyor.yml
#15 3.055 -- Installing: /work/stage/deployment_tools/inference_engine/samples/cpp/thirdparty/gflags/INSTALL.md
#15 3.055 -- Installing: /work/stage/deployment_tools/inference_engine/samples/cpp/thirdparty/gflags/ChangeLog.txt
#15 3.055 -- Installing: /work/stage/deployment_tools/inference_engine/samples/cpp/thirdparty/gflags/cmake
#15 3.055 -- Installing: /work/stage/deployment_tools/inference_engine/samples/cpp/thirdparty/gflags/cmake/package.pc.in
#15 3.055 -- Installing: /work/stage/deployment_tools/inference_engine/samples/cpp/thirdparty/gflags/cmake/config.cmake.in
#15 3.055 -- Installing: /work/stage/deployment_tools/inference_engine/samples/cpp/thirdparty/gflags/cmake/version.cmake.in
#15 3.055 -- Installing: /work/stage/deployment_tools/inference_engine/samples/cpp/thirdparty/gflags/cmake/README_runtime.txt
#15 3.055 -- Installing: /work/stage/deployment_tools/inference_engine/samples/cpp/thirdparty/gflags/cmake/execute_test.cmake
#15 3.055 -- Installing: /work/stage/deployment_tools/inference_engine/samples/cpp/thirdparty/gflags/cmake/utils.cmake
#15 3.056 -- Installing: /work/stage/deployment_tools/inference_engine/samples/cpp/thirdparty/gflags/cmake/package.cmake.in
#15 3.056 -- Installing: /work/stage/deployment_tools/inference_engine/samples/cpp/style_transfer_sample
#15 3.056 -- Installing: /work/stage/deployment_tools/inference_engine/samples/cpp/style_transfer_sample/CMakeLists.txt
#15 3.056 -- Installing: /work/stage/deployment_tools/inference_engine/samples/cpp/style_transfer_sample/main.cpp
#15 3.056 -- Installing: /work/stage/deployment_tools/inference_engine/samples/cpp/style_transfer_sample/style_transfer_sample.h
#15 3.056 -- Installing: /work/stage/deployment_tools/inference_engine/samples/cpp/style_transfer_sample/README.md
#15 3.056 -- Installing: /work/stage/deployment_tools/inference_engine/samples/cpp/ngraph_function_creation_sample
#15 3.056 -- Installing: /work/stage/deployment_tools/inference_engine/samples/cpp/ngraph_function_creation_sample/CMakeLists.txt
#15 3.056 -- Installing: /work/stage/deployment_tools/inference_engine/samples/cpp/ngraph_function_creation_sample/main.cpp
#15 3.057 -- Installing: /work/stage/deployment_tools/inference_engine/samples/cpp/ngraph_function_creation_sample/lenet.bin
#15 3.058 -- Installing: /work/stage/deployment_tools/inference_engine/samples/cpp/ngraph_function_creation_sample/README.md
#15 3.058 -- Installing: /work/stage/deployment_tools/inference_engine/samples/cpp/ngraph_function_creation_sample/ngraph_function_creation_sample.hpp
#15 3.059 -- Installing: /work/stage/deployment_tools/inference_engine/samples/c/build_samples.sh
#15 3.059 -- Up-to-date: /work/stage/deployment_tools/inference_engine/samples/c
#15 3.059 -- Installing: /work/stage/deployment_tools/inference_engine/samples/c/hello_nv12_input_classification
#15 3.059 -- Installing: /work/stage/deployment_tools/inference_engine/samples/c/hello_nv12_input_classification/CMakeLists.txt
#15 3.059 -- Installing: /work/stage/deployment_tools/inference_engine/samples/c/hello_nv12_input_classification/README.md
#15 3.059 -- Installing: /work/stage/deployment_tools/inference_engine/samples/c/hello_nv12_input_classification/main.c
#15 3.059 -- Installing: /work/stage/deployment_tools/inference_engine/samples/c/object_detection_sample_ssd
#15 3.059 -- Installing: /work/stage/deployment_tools/inference_engine/samples/c/object_detection_sample_ssd/object_detection_sample_ssd.h
#15 3.060 -- Installing: /work/stage/deployment_tools/inference_engine/samples/c/object_detection_sample_ssd/CMakeLists.txt
#15 3.060 -- Installing: /work/stage/deployment_tools/inference_engine/samples/c/object_detection_sample_ssd/c_w_dirent.h
#15 3.060 -- Installing: /work/stage/deployment_tools/inference_engine/samples/c/object_detection_sample_ssd/README.md
#15 3.060 -- Installing: /work/stage/deployment_tools/inference_engine/samples/c/object_detection_sample_ssd/main.c
#15 3.060 -- Installing: /work/stage/deployment_tools/inference_engine/samples/c/common
#15 3.060 -- Installing: /work/stage/deployment_tools/inference_engine/samples/c/common/CMakeLists.txt
#15 3.060 -- Installing: /work/stage/deployment_tools/inference_engine/samples/c/common/opencv_c_wraper.h
#15 3.060 -- Installing: /work/stage/deployment_tools/inference_engine/samples/c/common/opencv_c_wraper.cpp
#15 3.061 -- Installing: /work/stage/deployment_tools/inference_engine/samples/c/hello_classification
#15 3.061 -- Installing: /work/stage/deployment_tools/inference_engine/samples/c/hello_classification/CMakeLists.txt
#15 3.061 -- Installing: /work/stage/deployment_tools/inference_engine/samples/c/hello_classification/README.md
#15 3.061 -- Installing: /work/stage/deployment_tools/inference_engine/samples/c/hello_classification/main.c
#15 3.061 -- Installing: /work/stage/deployment_tools/inference_engine/samples/c/CMakeLists.txt
#15 3.062 -- Installing: /work/stage/lib/libpugixml.a
#15 3.062 -- Installing: /work/stage/include/pugixml.hpp
#15 3.063 -- Installing: /work/stage/include/pugiconfig.hpp
#15 3.063 -- Installing: /work/stage/lib/cmake/pugixml/pugixml-config.cmake
#15 3.063 -- Installing: /work/stage/lib/cmake/pugixml/pugixml-config-release.cmake
#15 3.064 -- Installing: /work/stage/lib/libade.a
#15 3.065 -- Installing: /work/stage/share/ade/adeTargets.cmake
#15 3.065 -- Installing: /work/stage/share/ade/adeTargets-release.cmake
#15 3.065 -- Up-to-date: /work/stage/include
#15 3.065 -- Installing: /work/stage/include/ade
#15 3.065 -- Installing: /work/stage/include/ade/typed_metadata.hpp
#15 3.065 -- Installing: /work/stage/include/ade/passmanager.hpp
#15 3.065 -- Installing: /work/stage/include/ade/helpers
#15 3.066 -- Installing: /work/stage/include/ade/helpers/subgraphs.hpp
#15 3.066 -- Installing: /work/stage/include/ade/helpers/search.hpp
#15 3.066 -- Installing: /work/stage/include/ade/passes
#15 3.066 -- Installing: /work/stage/include/ade/passes/check_cycles.hpp
#15 3.066 -- Installing: /work/stage/include/ade/passes/pass_base.hpp
#15 3.066 -- Installing: /work/stage/include/ade/passes/communications.hpp
#15 3.066 -- Installing: /work/stage/include/ade/passes/topological_sort.hpp
#15 3.066 -- Installing: /work/stage/include/ade/graph.hpp
#15 3.067 -- Installing: /work/stage/include/ade/node.hpp
#15 3.067 -- Installing: /work/stage/include/ade/metatypes
#15 3.067 -- Installing: /work/stage/include/ade/metatypes/metatypes.hpp
#15 3.067 -- Installing: /work/stage/include/ade/execution_engine
#15 3.067 -- Installing: /work/stage/include/ade/execution_engine/execution_engine.hpp
#15 3.067 -- Installing: /work/stage/include/ade/execution_engine/executable.hpp
#15 3.067 -- Installing: /work/stage/include/ade/execution_engine/backend.hpp
#15 3.067 -- Installing: /work/stage/include/ade/graph_listener.hpp
#15 3.067 -- Installing: /work/stage/include/ade/edge.hpp
#15 3.067 -- Installing: /work/stage/include/ade/memory
#15 3.068 -- Installing: /work/stage/include/ade/memory/alloc.hpp
#15 3.068 -- Installing: /work/stage/include/ade/memory/memory_descriptor.hpp
#15 3.068 -- Installing: /work/stage/include/ade/memory/memory_descriptor_view.hpp
#15 3.068 -- Installing: /work/stage/include/ade/memory/memory_access_listener.hpp
#15 3.068 -- Installing: /work/stage/include/ade/memory/memory_types.hpp
#15 3.068 -- Installing: /work/stage/include/ade/memory/memory_accessor.hpp
#15 3.068 -- Installing: /work/stage/include/ade/memory/memory_descriptor_ref.hpp
#15 3.068 -- Installing: /work/stage/include/ade/typed_graph.hpp
#15 3.069 -- Installing: /work/stage/include/ade/util
#15 3.069 -- Installing: /work/stage/include/ade/util/range.hpp
#15 3.069 -- Installing: /work/stage/include/ade/util/intrusive_list.hpp
#15 3.069 -- Installing: /work/stage/include/ade/util/memory_range.hpp
#15 3.069 -- Installing: /work/stage/include/ade/util/md_io.hpp
#15 3.069 -- Installing: /work/stage/include/ade/util/md_span.hpp
#15 3.069 -- Installing: /work/stage/include/ade/util/md_size.hpp
#15 3.070 -- Installing: /work/stage/include/ade/util/tuple.hpp
#15 3.070 -- Installing: /work/stage/include/ade/util/range_iterator.hpp
#15 3.070 -- Installing: /work/stage/include/ade/util/checked_cast.hpp
#15 3.070 -- Installing: /work/stage/include/ade/util/map_range.hpp
#15 3.070 -- Installing: /work/stage/include/ade/util/zip_range.hpp
#15 3.070 -- Installing: /work/stage/include/ade/util/filter_range.hpp
#15 3.070 -- Installing: /work/stage/include/ade/util/assert.hpp
#15 3.070 -- Installing: /work/stage/include/ade/util/algorithm.hpp
#15 3.070 -- Installing: /work/stage/include/ade/util/md_cast.hpp
#15 3.071 -- Installing: /work/stage/include/ade/util/type_traits.hpp
#15 3.071 -- Installing: /work/stage/include/ade/util/hash.hpp
#15 3.071 -- Installing: /work/stage/include/ade/util/md_view.hpp
#15 3.071 -- Installing: /work/stage/include/ade/util/chain_range.hpp
#15 3.071 -- Installing: /work/stage/include/ade/util/math.hpp
#15 3.071 -- Installing: /work/stage/include/ade/util/container_helper.hpp
#15 3.071 -- Installing: /work/stage/include/ade/util/iota_range.hpp
#15 3.071 -- Installing: /work/stage/include/ade/util/func_ref.hpp
#15 3.072 -- Installing: /work/stage/include/ade/communication
#15 3.072 -- Installing: /work/stage/include/ade/communication/comm_buffer.hpp
#15 3.072 -- Installing: /work/stage/include/ade/communication/comm_interface.hpp
#15 3.072 -- Installing: /work/stage/include/ade/communication/callback_connector.hpp
#15 3.072 -- Installing: /work/stage/include/ade/handle.hpp
#15 3.072 -- Installing: /work/stage/share/ade/adeConfig.cmake
#15 3.072 -- Installing: /work/stage/share/ade/adeConfigVersion.cmake
#15 3.073 -- Installing: /work/stage/deployment_tools/inference_engine/lib/armv7l/libinference_engine_preproc.so
#15 3.074 -- Set runtime path of "/work/stage/deployment_tools/inference_engine/lib/armv7l/libinference_engine_preproc.so" to ""
#15 3.075 -- Installing: /work/stage/deployment_tools/inference_engine/lib/armv7l/libinference_engine_legacy.so
#15 3.077 -- Set runtime path of "/work/stage/deployment_tools/inference_engine/lib/armv7l/libinference_engine_legacy.so" to ""
#15 3.078 -- Installing: /work/stage/deployment_tools/inference_engine/lib/armv7l/libmyriadPlugin.so
#15 3.082 -- Set runtime path of "/work/stage/deployment_tools/inference_engine/lib/armv7l/libmyriadPlugin.so" to ""
#15 3.082 -- Installing: /work/stage/deployment_tools/inference_engine/external/97-myriad-usbboot.rules
#15 3.082 -- Installing: /work/stage/deployment_tools/inference_engine/lib/armv7l/libHeteroPlugin.so
#15 3.083 -- Set runtime path of "/work/stage/deployment_tools/inference_engine/lib/armv7l/libHeteroPlugin.so" to ""
#15 3.084 -- Installing: /work/stage/deployment_tools/inference_engine/lib/armv7l/libMultiDevicePlugin.so
#15 3.085 -- Set runtime path of "/work/stage/deployment_tools/inference_engine/lib/armv7l/libMultiDevicePlugin.so" to ""
#15 3.085 -- Installing: /work/stage/deployment_tools/inference_engine/lib/armv7l/libinference_engine_transformations.so
#15 3.086 -- Set runtime path of "/work/stage/deployment_tools/inference_engine/lib/armv7l/libinference_engine_transformations.so" to ""
#15 3.087 -- Installing: /work/stage/deployment_tools/inference_engine/include
#15 3.087 -- Installing: /work/stage/deployment_tools/inference_engine/include/ie_api.h
#15 3.087 -- Installing: /work/stage/deployment_tools/inference_engine/include/gna
#15 3.087 -- Installing: /work/stage/deployment_tools/inference_engine/include/gna/gna_config.hpp
#15 3.087 -- Installing: /work/stage/deployment_tools/inference_engine/include/ie_version.hpp
#15 3.087 -- Installing: /work/stage/deployment_tools/inference_engine/include/ie_plugin_ptr.hpp
#15 3.087 -- Installing: /work/stage/deployment_tools/inference_engine/include/ie_layouts.h
#15 3.088 -- Installing: /work/stage/deployment_tools/inference_engine/include/ie_builders.hpp
#15 3.088 -- Installing: /work/stage/deployment_tools/inference_engine/include/ie_layers.h
#15 3.088 -- Installing: /work/stage/deployment_tools/inference_engine/include/gpu
#15 3.088 -- Installing: /work/stage/deployment_tools/inference_engine/include/gpu/gpu_ocl_wrapper.hpp
#15 3.088 -- Installing: /work/stage/deployment_tools/inference_engine/include/gpu/gpu_context_api_va.hpp
#15 3.088 -- Installing: /work/stage/deployment_tools/inference_engine/include/gpu/gpu_context_api_dx.hpp
#15 3.088 -- Installing: /work/stage/deployment_tools/inference_engine/include/gpu/details
#15 3.088 -- Installing: /work/stage/deployment_tools/inference_engine/include/gpu/details/gpu_context_helpers.hpp
#15 3.088 -- Installing: /work/stage/deployment_tools/inference_engine/include/gpu/gpu_params.hpp
#15 3.089 -- Installing: /work/stage/deployment_tools/inference_engine/include/gpu/gpu_context_api_ocl.hpp
#15 3.089 -- Installing: /work/stage/deployment_tools/inference_engine/include/ie_plugin.hpp
#15 3.089 -- Installing: /work/stage/deployment_tools/inference_engine/include/ie_primitive_info.hpp
#15 3.089 -- Installing: /work/stage/deployment_tools/inference_engine/include/ie_layers_property.hpp
#15 3.089 -- Installing: /work/stage/deployment_tools/inference_engine/include/ie_icnn_network_stats.hpp
#15 3.089 -- Installing: /work/stage/deployment_tools/inference_engine/include/ie_iextension.h
#15 3.089 -- Installing: /work/stage/deployment_tools/inference_engine/include/ie_preprocess.hpp
#15 3.089 -- Installing: /work/stage/deployment_tools/inference_engine/include/ie_plugin_dispatcher.hpp
#15 3.090 -- Installing: /work/stage/deployment_tools/inference_engine/include/ie_context.hpp
#15 3.090 -- Installing: /work/stage/deployment_tools/inference_engine/include/ie_input_info.hpp
#15 3.090 -- Installing: /work/stage/deployment_tools/inference_engine/include/ie_icnn_net_reader.h
#15 3.090 -- Installing: /work/stage/deployment_tools/inference_engine/include/ie_parameter.hpp
#15 3.090 -- Installing: /work/stage/deployment_tools/inference_engine/include/ie_precision.hpp
#15 3.090 -- Installing: /work/stage/deployment_tools/inference_engine/include/ie_tensor_info.hpp
#15 3.090 -- Installing: /work/stage/deployment_tools/inference_engine/include/ie_iexecutable_network.hpp
#15 3.090 -- Installing: /work/stage/deployment_tools/inference_engine/include/ie_remote_context.hpp
#15 3.090 -- Installing: /work/stage/deployment_tools/inference_engine/include/ie_locked_memory.hpp
#15 3.091 -- Installing: /work/stage/deployment_tools/inference_engine/include/builders
#15 3.091 -- Installing: /work/stage/deployment_tools/inference_engine/include/builders/ie_roi_pooling_layer.hpp
#15 3.091 -- Installing: /work/stage/deployment_tools/inference_engine/include/builders/ie_ctc_greedy_decoder_layer.hpp
#15 3.091 -- Installing: /work/stage/deployment_tools/inference_engine/include/builders/ie_lrn_layer.hpp
#15 3.091 -- Installing: /work/stage/deployment_tools/inference_engine/include/builders/ie_proposal_layer.hpp
#15 3.091 -- Installing: /work/stage/deployment_tools/inference_engine/include/builders/ie_reorg_yolo_layer.hpp
#15 3.091 -- Installing: /work/stage/deployment_tools/inference_engine/include/builders/ie_input_layer.hpp
#15 3.091 -- Installing: /work/stage/deployment_tools/inference_engine/include/builders/ie_elu_layer.hpp
#15 3.091 -- Installing: /work/stage/deployment_tools/inference_engine/include/builders/ie_layer_builder.hpp
#15 3.092 -- Installing: /work/stage/deployment_tools/inference_engine/include/builders/ie_convolution_layer.hpp
#15 3.092 -- Installing: /work/stage/deployment_tools/inference_engine/include/builders/ie_region_yolo_layer.hpp
#15 3.092 -- Installing: /work/stage/deployment_tools/inference_engine/include/builders/ie_fully_connected_layer.hpp
#15 3.092 -- Installing: /work/stage/deployment_tools/inference_engine/include/builders/ie_gru_sequence_layer.hpp
#15 3.092 -- Installing: /work/stage/deployment_tools/inference_engine/include/builders/ie_prior_box_layer.hpp
#15 3.092 -- Installing: /work/stage/deployment_tools/inference_engine/include/builders/ie_tile_layer.hpp
#15 3.092 -- Installing: /work/stage/deployment_tools/inference_engine/include/builders/ie_crop_layer.hpp
#15 3.092 -- Installing: /work/stage/deployment_tools/inference_engine/include/builders/ie_lstm_sequence_layer.hpp
#15 3.092 -- Installing: /work/stage/deployment_tools/inference_engine/include/builders/ie_concat_layer.hpp
#15 3.093 -- Installing: /work/stage/deployment_tools/inference_engine/include/builders/ie_pooling_layer.hpp
#15 3.093 -- Installing: /work/stage/deployment_tools/inference_engine/include/builders/ie_reshape_layer.hpp
#15 3.093 -- Installing: /work/stage/deployment_tools/inference_engine/include/builders/ie_relu_layer.hpp
#15 3.093 -- Installing: /work/stage/deployment_tools/inference_engine/include/builders/ie_mvn_layer.hpp
#15 3.093 -- Installing: /work/stage/deployment_tools/inference_engine/include/builders/ie_psroi_pooling_layer.hpp
#15 3.093 -- Installing: /work/stage/deployment_tools/inference_engine/include/builders/ie_batch_normalization_layer.hpp
#15 3.093 -- Installing: /work/stage/deployment_tools/inference_engine/include/builders/ie_simpler_nms_layer.hpp
#15 3.093 -- Installing: /work/stage/deployment_tools/inference_engine/include/builders/ie_clamp_layer.hpp
#15 3.093 -- Installing: /work/stage/deployment_tools/inference_engine/include/builders/ie_sigmoid_layer.hpp
#15 3.094 -- Installing: /work/stage/deployment_tools/inference_engine/include/builders/ie_layer_decorator.hpp
#15 3.094 -- Installing: /work/stage/deployment_tools/inference_engine/include/builders/ie_deformable_convolution_layer.hpp
#15 3.094 -- Installing: /work/stage/deployment_tools/inference_engine/include/builders/ie_prelu_layer.hpp
#15 3.094 -- Installing: /work/stage/deployment_tools/inference_engine/include/builders/ie_grn_layer.hpp
#15 3.094 -- Installing: /work/stage/deployment_tools/inference_engine/include/builders/ie_detection_output_layer.hpp
#15 3.094 -- Installing: /work/stage/deployment_tools/inference_engine/include/builders/ie_rnn_sequence_layer.hpp
#15 3.094 -- Installing: /work/stage/deployment_tools/inference_engine/include/builders/ie_relu6_layer.hpp
#15 3.094 -- Installing: /work/stage/deployment_tools/inference_engine/include/builders/ie_const_layer.hpp
#15 3.094 -- Installing: /work/stage/deployment_tools/inference_engine/include/builders/ie_softmax_layer.hpp
#15 3.095 -- Installing: /work/stage/deployment_tools/inference_engine/include/builders/ie_memory_layer.hpp
#15 3.095 -- Installing: /work/stage/deployment_tools/inference_engine/include/builders/ie_eltwise_layer.hpp
#15 3.095 -- Installing: /work/stage/deployment_tools/inference_engine/include/builders/ie_output_layer.hpp
#15 3.095 -- Installing: /work/stage/deployment_tools/inference_engine/include/builders/ie_tanh_layer.hpp
#15 3.095 -- Installing: /work/stage/deployment_tools/inference_engine/include/builders/ie_normalize_layer.hpp
#15 3.095 -- Installing: /work/stage/deployment_tools/inference_engine/include/builders/ie_permute_layer.hpp
#15 3.095 -- Installing: /work/stage/deployment_tools/inference_engine/include/builders/ie_argmax_layer.hpp
#15 3.095 -- Installing: /work/stage/deployment_tools/inference_engine/include/builders/ie_network_builder.hpp
#15 3.095 -- Installing: /work/stage/deployment_tools/inference_engine/include/builders/ie_resample_layer.hpp
#15 3.095 -- Installing: /work/stage/deployment_tools/inference_engine/include/builders/ie_scale_shift_layer.hpp
#15 3.096 -- Installing: /work/stage/deployment_tools/inference_engine/include/builders/ie_deconvolution_layer.hpp
#15 3.096 -- Installing: /work/stage/deployment_tools/inference_engine/include/builders/ie_norm_layer.hpp
#15 3.096 -- Installing: /work/stage/deployment_tools/inference_engine/include/builders/ie_power_layer.hpp
#15 3.096 -- Installing: /work/stage/deployment_tools/inference_engine/include/builders/ie_split_layer.hpp
#15 3.096 -- Installing: /work/stage/deployment_tools/inference_engine/include/builders/ie_prior_box_clustered_layer.hpp
#15 3.096 -- Installing: /work/stage/deployment_tools/inference_engine/include/ie_icnn_network.hpp
#15 3.096 -- Installing: /work/stage/deployment_tools/inference_engine/include/ie_imemory_state.hpp
#15 3.096 -- Installing: /work/stage/deployment_tools/inference_engine/include/multi-device
#15 3.096 -- Installing: /work/stage/deployment_tools/inference_engine/include/multi-device/multi_device_config.hpp
#15 3.097 -- Installing: /work/stage/deployment_tools/inference_engine/include/ie_data.h
#15 3.097 -- Installing: /work/stage/deployment_tools/inference_engine/include/ie_allocator.hpp
#15 3.097 -- Installing: /work/stage/deployment_tools/inference_engine/include/details
#15 3.097 -- Installing: /work/stage/deployment_tools/inference_engine/include/details/os
#15 3.097 -- Installing: /work/stage/deployment_tools/inference_engine/include/details/os/lin_shared_object_loader.h
#15 3.097 -- Installing: /work/stage/deployment_tools/inference_engine/include/details/os/win_shared_object_loader.h
#15 3.097 -- Installing: /work/stage/deployment_tools/inference_engine/include/details/os/os_filesystem.hpp
#15 3.097 -- Installing: /work/stage/deployment_tools/inference_engine/include/details/ie_exception.hpp
#15 3.097 -- Installing: /work/stage/deployment_tools/inference_engine/include/details/caseless.hpp
#15 3.098 -- Installing: /work/stage/deployment_tools/inference_engine/include/details/ie_cnn_network_tools.h
#15 3.098 -- Installing: /work/stage/deployment_tools/inference_engine/include/details/ie_so_pointer.hpp
#15 3.098 -- Installing: /work/stage/deployment_tools/inference_engine/include/details/ie_blob_iterator.hpp
#15 3.098 -- Installing: /work/stage/deployment_tools/inference_engine/include/details/ie_pre_allocator.hpp
#15 3.098 -- Installing: /work/stage/deployment_tools/inference_engine/include/details/ie_exception_conversion.hpp
#15 3.098 -- Installing: /work/stage/deployment_tools/inference_engine/include/details/ie_inetwork_iterator.hpp
#15 3.098 -- Installing: /work/stage/deployment_tools/inference_engine/include/details/ie_cnn_network_iterator.hpp
#15 3.098 -- Installing: /work/stage/deployment_tools/inference_engine/include/details/ie_irelease.hpp
#15 3.098 -- Installing: /work/stage/deployment_tools/inference_engine/include/details/ie_no_release.hpp
#15 3.099 -- Installing: /work/stage/deployment_tools/inference_engine/include/details/ie_so_loader.h
#15 3.099 -- Installing: /work/stage/deployment_tools/inference_engine/include/details/ie_no_copy.hpp
#15 3.099 -- Installing: /work/stage/deployment_tools/inference_engine/include/ie_core.hpp
#15 3.099 -- Installing: /work/stage/deployment_tools/inference_engine/include/cpp
#15 3.099 -- Installing: /work/stage/deployment_tools/inference_engine/include/cpp/ie_executable_network.hpp
#15 3.099 -- Installing: /work/stage/deployment_tools/inference_engine/include/cpp/ie_plugin_cpp.hpp
#15 3.099 -- Installing: /work/stage/deployment_tools/inference_engine/include/cpp/ie_memory_state.hpp
#15 3.099 -- Installing: /work/stage/deployment_tools/inference_engine/include/cpp/ie_cnn_net_reader.h
#15 3.099 -- Installing: /work/stage/deployment_tools/inference_engine/include/cpp/ie_infer_request.hpp
#15 3.100 -- Installing: /work/stage/deployment_tools/inference_engine/include/cpp/ie_cnn_network.h
#15 3.100 -- Installing: /work/stage/deployment_tools/inference_engine/include/ie_blob.h
#15 3.100 -- Installing: /work/stage/deployment_tools/inference_engine/include/cldnn
#15 3.100 -- Installing: /work/stage/deployment_tools/inference_engine/include/cldnn/cldnn_config.hpp
#15 3.100 -- Installing: /work/stage/deployment_tools/inference_engine/include/ie_compound_blob.h
#15 3.100 -- Installing: /work/stage/deployment_tools/inference_engine/include/ie_iinfer_request.hpp
#15 3.100 -- Installing: /work/stage/deployment_tools/inference_engine/include/ie_network.hpp
#15 3.100 -- Installing: /work/stage/deployment_tools/inference_engine/include/vpu
#15 3.100 -- Installing: /work/stage/deployment_tools/inference_engine/include/vpu/vpu_plugin_config.hpp
#15 3.101 -- Installing: /work/stage/deployment_tools/inference_engine/include/vpu/myriad_plugin_config.hpp
#15 3.101 -- Installing: /work/stage/deployment_tools/inference_engine/include/vpu/hddl_plugin_config.hpp
#15 3.101 -- Installing: /work/stage/deployment_tools/inference_engine/include/ie_parallel.hpp
#15 3.101 -- Installing: /work/stage/deployment_tools/inference_engine/include/ie_extension.h
#15 3.101 -- Installing: /work/stage/deployment_tools/inference_engine/include/inference_engine.hpp
#15 3.101 -- Installing: /work/stage/deployment_tools/inference_engine/include/ie_error.hpp
#15 3.101 -- Installing: /work/stage/deployment_tools/inference_engine/include/ie_unicode.hpp
#15 3.101 -- Installing: /work/stage/deployment_tools/inference_engine/include/ie_plugin_config.hpp
#15 3.102 -- Installing: /work/stage/deployment_tools/inference_engine/include/hetero
#15 3.102 -- Installing: /work/stage/deployment_tools/inference_engine/include/hetero/hetero_plugin_config.hpp
#15 3.102 -- Installing: /work/stage/deployment_tools/inference_engine/include/ie_common.h
#15 3.102 -- Installing: /work/stage/deployment_tools/inference_engine/lib/armv7l/libinference_engine.so
#15 3.104 -- Set runtime path of "/work/stage/deployment_tools/inference_engine/lib/armv7l/libinference_engine.so" to ""
#15 3.104 -- Installing: /work/stage/deployment_tools/inference_engine/lib/armv7l/libinference_engine_nn_builder.so
#15 3.105 -- Set runtime path of "/work/stage/deployment_tools/inference_engine/lib/armv7l/libinference_engine_nn_builder.so" to ""
#15 3.106 -- Installing: /work/stage/deployment_tools/inference_engine/share/ie_parallel.cmake
#15 3.106 -- Installing: /work/stage/deployment_tools/inference_engine/share/InferenceEngineConfig.cmake
#15 3.106 -- Installing: /work/stage/deployment_tools/inference_engine/share/InferenceEngineConfig-version.cmake
#15 3.106 -- Installing: /work/stage/deployment_tools/inference_engine/lib/armv7l/plugins.xml
#15 3.107 -- Installing: /work/stage/deployment_tools/inference_engine/lib/armv7l/libinference_engine_lp_transformations.so
#15 3.108 -- Set runtime path of "/work/stage/deployment_tools/inference_engine/lib/armv7l/libinference_engine_lp_transformations.so" to ""
#15 3.109 -- Installing: /work/stage/deployment_tools/inference_engine/lib/armv7l/myriad_perfcheck
#15 3.109 -- Set runtime path of "/work/stage/deployment_tools/inference_engine/lib/armv7l/myriad_perfcheck" to ""
#15 3.110 -- Installing: /work/stage/deployment_tools/inference_engine/lib/armv7l/myriad_compile
#15 3.110 -- Set runtime path of "/work/stage/deployment_tools/inference_engine/lib/armv7l/myriad_compile" to ""
#15 3.111 -- Installing: /work/stage/deployment_tools/inference_engine/lib/armv7l/compile_tool
#15 3.111 -- Set runtime path of "/work/stage/deployment_tools/inference_engine/lib/armv7l/compile_tool" to ""
#15 3.112 -- Installing: /work/stage/lib/pkgconfig/gflags.pc
#15 3.113 -- Installing: /work/stage/deployment_tools/inference_engine/lib/armv7l/libinference_engine_c_api.so
#15 3.113 -- Set runtime path of "/work/stage/deployment_tools/inference_engine/lib/armv7l/libinference_engine_c_api.so" to ""
#15 3.114 -- Up-to-date: /work/stage/deployment_tools/inference_engine/include/
#15 3.114 -- Installing: /work/stage/deployment_tools/inference_engine/include//c_api
#15 3.114 -- Installing: /work/stage/deployment_tools/inference_engine/include//c_api/ie_c_api.h
#15 3.116 make: Leaving directory '/work/build'
#15 3.116 + mkdir -p /work/stage/deployment_tools/ngraph/lib /work/stage/deployment_tools/ngraph/include /work/stage/deployment_tools/ngraph/cmake
#15 3.117 + mv /work/stage/lib/libngraph.so /work/stage/lib/libinterpreter_backend.so /work/stage/deployment_tools/ngraph/lib/
#15 3.118 + cp -a /work/stage/include/ngraph /work/stage/deployment_tools/ngraph/include/
#15 3.154 + mv /work/stage/cmake/ngraphConfig.cmake /work/stage/cmake/ngraphConfigVersion.cmake /work/stage/cmake/ngraphTargets-release.cmake /work/stage/cmake/ngraphTargets.cmake /work/stage/deployment_tools/ngraph/cmake/
#15 3.155 + find /work/stage -maxdepth 4 -name *.so -o -maxdepth 4 -name plugins.xml
#15 3.155 + sort
#15 3.157 /work/stage/deployment_tools/ngraph/lib/libinterpreter_backend.so
#15 3.157 /work/stage/deployment_tools/ngraph/lib/libngraph.so
#15 3.157 + du -sh /work/stage
#15 3.163 46M	/work/stage
#15 3.163 + LD_LIBRARY_PATH=/work/stage/deployment_tools/inference_engine/lib/armv7l:/work/stage/deployment_tools/ngraph/lib /work/stage/deployment_tools/inference_engine/lib/armv7l/myriad_compile --help
#15 3.163 + head -6
#15 3.170 Inference Engine: 
#15 3.170 	API version ............ 2.1
#15 3.170 	Build .................. custom__
#15 3.170 	Description ....... API
#15 3.170 Path to model xml file is required
#15 DONE 6.1s

#16 [smoke 1/2] COPY smoke-test /work/smoke
#16 DONE 0.7s

#17 [smoke 2/2] RUN --mount=type=bind,source=toolchain,target=/work/toolchain-ro     set -eux;     python3 /work/smoke/model/make_tiny_ir.py --outdir /work/smoke/model;     cmake -S /work/smoke -B /work/smoke-build         -DCMAKE_BUILD_TYPE=Release         -DCMAKE_TOOLCHAIN_FILE=/work/toolchain-ro/armv7-native.toolchain.cmake         -DOV_ROOT=/work/stage/deployment_tools/inference_engine         -DOV_RUNTIME_PREFIX=/opt/openvino/inference_engine;     cmake --build /work/smoke-build -- -j"2";     readelf -h /work/smoke-build/hello_myriad | head -12;     LD_LIBRARY_PATH=/work/stage/deployment_tools/inference_engine/lib/armv7l:/work/stage/deployment_tools/ngraph/lib         ldd /work/smoke-build/hello_myriad
#17 0.466 + python3 /work/smoke/model/make_tiny_ir.py --outdir /work/smoke/model
#17 0.492 wrote /work/smoke/model/model.xml
#17 0.492 wrote /work/smoke/model/model.bin (432 bytes, input 1x3x32x32, weights 8x3x3x3)
#17 0.492 sha256 xml : 26c6ec70ae3015229848bf3817304a91989e44af3090c4591a1daf503b78a991
#17 0.492 sha256 bin : 7377ba9efa0a2186da87fe7c5c49888d05fe0b64c65ee5064e0846b7ca4da5ba
#17 0.496 + cmake -S /work/smoke -B /work/smoke-build -DCMAKE_BUILD_TYPE=Release -DCMAKE_TOOLCHAIN_FILE=/work/toolchain-ro/armv7-native.toolchain.cmake -DOV_ROOT=/work/stage/deployment_tools/inference_engine -DOV_RUNTIME_PREFIX=/opt/openvino/inference_engine
#17 0.575 -- The CXX compiler identification is GNU 10.2.1
#17 0.585 -- Detecting CXX compiler ABI info
#17 0.677 -- Detecting CXX compiler ABI info - done
#17 0.694 -- Check for working CXX compiler: /usr/bin/g++ - skipped
#17 0.694 -- Detecting CXX compile features
#17 0.695 -- Detecting CXX compile features - done
#17 0.697 -- hello_myriad: linking /work/stage/deployment_tools/inference_engine/lib/armv7l/libinference_engine.so;/work/stage/deployment_tools/inference_engine/lib/armv7l/libinference_engine_legacy.so;/work/stage/deployment_tools/inference_engine/lib/armv7l/libinference_engine_transformations.so;/work/stage/deployment_tools/inference_engine/lib/armv7l/libinference_engine_lp_transformations.so;/work/stage/deployment_tools/ngraph/lib/libngraph.so
#17 0.697 -- hello_myriad: rpath /opt/openvino/inference_engine/lib/armv7l;/opt/openvino/inference_engine/../ngraph/lib
#17 0.697 -- Configuring done
#17 0.700 -- Generating done
#17 0.701 -- Build files have been written to: /work/smoke-build
#17 0.702 + cmake --build /work/smoke-build -- -j2
#17 0.749 Scanning dependencies of target hello_myriad
#17 0.761 [ 50%] Building CXX object CMakeFiles/hello_myriad.dir/main.cpp.o
#17 1.284 In file included from /work/stage/deployment_tools/inference_engine/include/ie_iextension.h:23,
#17 1.284                  from /work/stage/deployment_tools/inference_engine/include/ie_icnn_network.hpp:21,
#17 1.284                  from /work/stage/deployment_tools/inference_engine/include/ie_icnn_net_reader.h:19,
#17 1.284                  from /work/stage/deployment_tools/inference_engine/include/cpp/ie_cnn_network.h:12,
#17 1.284                  from /work/stage/deployment_tools/inference_engine/include/cpp/ie_cnn_net_reader.h:20,
#17 1.284                  from /work/stage/deployment_tools/inference_engine/include/inference_engine.hpp:13,
#17 1.284                  from /work/smoke/main.cpp:16:
#17 1.284 /work/stage/deployment_tools/inference_engine/include/ie_layers.h:414:19: warning: 'CNNLayer' is deprecated: Migrate to IR v10 and work with ngraph::Function directly. The method will be removed in 2021.1 [-Wdeprecated-declarations]
#17 1.284   414 |     using CNNLayer::CNNLayer;
#17 1.284       |                   ^~
#17 1.284 In file included from /work/stage/deployment_tools/inference_engine/include/details/ie_exception.hpp:12,
#17 1.284                  from /work/stage/deployment_tools/inference_engine/include/ie_common.h:14,
#17 1.284                  from /work/stage/deployment_tools/inference_engine/include/details/ie_exception_conversion.hpp:11,
#17 1.284                  from /work/stage/deployment_tools/inference_engine/include/cpp/ie_cnn_net_reader.h:17,
#17 1.284                  from /work/stage/deployment_tools/inference_engine/include/inference_engine.hpp:13,
#17 1.284                  from /work/smoke/main.cpp:16:
#17 1.284 /work/stage/deployment_tools/inference_engine/include/ie_layers.h:89:48: note: declared here
#17 1.284    89 | class INFERENCE_ENGINE_INTERNAL_CNNLAYER_CLASS(CNNLayer) {
#17 1.284       |                                                ^~~~~~~~
#17 1.284 /work/stage/deployment_tools/inference_engine/include/ie_api.h:36:80: note: in definition of macro 'INFERENCE_ENGINE_API_CLASS'
#17 1.284    36 | #define INFERENCE_ENGINE_API_CLASS(...) __attribute__((visibility("default"))) __VA_ARGS__
#17 1.284       |                                                                                ^~~~~~~~~~~
#17 1.284 /work/stage/deployment_tools/inference_engine/include/ie_layers.h:89:7: note: in expansion of macro 'INFERENCE_ENGINE_INTERNAL_CNNLAYER_CLASS'
#17 1.284    89 | class INFERENCE_ENGINE_INTERNAL_CNNLAYER_CLASS(CNNLayer) {
#17 1.284       |       ^~~~~~~~~~~~~~~~~~~~~~~~~~~~~~~~~~~~~~~~
#17 1.289 In file included from /work/stage/deployment_tools/inference_engine/include/ie_iextension.h:23,
#17 1.289                  from /work/stage/deployment_tools/inference_engine/include/ie_icnn_network.hpp:21,
#17 1.289                  from /work/stage/deployment_tools/inference_engine/include/ie_icnn_net_reader.h:19,
#17 1.289                  from /work/stage/deployment_tools/inference_engine/include/cpp/ie_cnn_network.h:12,
#17 1.289                  from /work/stage/deployment_tools/inference_engine/include/cpp/ie_cnn_net_reader.h:20,
#17 1.289                  from /work/stage/deployment_tools/inference_engine/include/inference_engine.hpp:13,
#17 1.289                  from /work/smoke/main.cpp:16:
#17 1.289 /work/stage/deployment_tools/inference_engine/include/ie_layers.h:513:27: warning: 'ConvolutionLayer' is deprecated: Migrate to IR v10 and work with ngraph::Function directly. The method will be removed in 2021.1 [-Wdeprecated-declarations]
#17 1.289   513 |     using ConvolutionLayer::ConvolutionLayer;
#17 1.289       |                           ^~
#17 1.289 In file included from /work/stage/deployment_tools/inference_engine/include/details/ie_exception.hpp:12,
#17 1.289                  from /work/stage/deployment_tools/inference_engine/include/ie_common.h:14,
#17 1.289                  from /work/stage/deployment_tools/inference_engine/include/details/ie_exception_conversion.hpp:11,
#17 1.289                  from /work/stage/deployment_tools/inference_engine/include/cpp/ie_cnn_net_reader.h:17,
#17 1.289                  from /work/stage/deployment_tools/inference_engine/include/inference_engine.hpp:13,
#17 1.289                  from /work/smoke/main.cpp:16:
#17 1.289 /work/stage/deployment_tools/inference_engine/include/ie_layers.h:431:48: note: declared here
#17 1.289   431 | class INFERENCE_ENGINE_INTERNAL_CNNLAYER_CLASS(ConvolutionLayer): public WeightableLayer {
#17 1.289       |                                                ^~~~~~~~~~~~~~~~
#17 1.289 /work/stage/deployment_tools/inference_engine/include/ie_api.h:36:80: note: in definition of macro 'INFERENCE_ENGINE_API_CLASS'
#17 1.289    36 | #define INFERENCE_ENGINE_API_CLASS(...) __attribute__((visibility("default"))) __VA_ARGS__
#17 1.289       |                                                                                ^~~~~~~~~~~
#17 1.289 /work/stage/deployment_tools/inference_engine/include/ie_layers.h:431:7: note: in expansion of macro 'INFERENCE_ENGINE_INTERNAL_CNNLAYER_CLASS'
#17 1.289   431 | class INFERENCE_ENGINE_INTERNAL_CNNLAYER_CLASS(ConvolutionLayer): public WeightableLayer {
#17 1.289       |       ^~~~~~~~~~~~~~~~~~~~~~~~~~~~~~~~~~~~~~~~
#17 1.289 In file included from /work/stage/deployment_tools/inference_engine/include/ie_iextension.h:23,
#17 1.289                  from /work/stage/deployment_tools/inference_engine/include/ie_icnn_network.hpp:21,
#17 1.289                  from /work/stage/deployment_tools/inference_engine/include/ie_icnn_net_reader.h:19,
#17 1.289                  from /work/stage/deployment_tools/inference_engine/include/cpp/ie_cnn_network.h:12,
#17 1.289                  from /work/stage/deployment_tools/inference_engine/include/cpp/ie_cnn_net_reader.h:20,
#17 1.289                  from /work/stage/deployment_tools/inference_engine/include/inference_engine.hpp:13,
#17 1.289                  from /work/smoke/main.cpp:16:
#17 1.289 /work/stage/deployment_tools/inference_engine/include/ie_layers.h:514:27: warning: 'ConvolutionLayer' is deprecated: Migrate to IR v10 and work with ngraph::Function directly. The method will be removed in 2021.1 [-Wdeprecated-declarations]
#17 1.289   514 |     using ConvolutionLayer::operator=;
#17 1.289       |                           ^~
#17 1.289 In file included from /work/stage/deployment_tools/inference_engine/include/details/ie_exception.hpp:12,
#17 1.289                  from /work/stage/deployment_tools/inference_engine/include/ie_common.h:14,
#17 1.289                  from /work/stage/deployment_tools/inference_engine/include/details/ie_exception_conversion.hpp:11,
#17 1.289                  from /work/stage/deployment_tools/inference_engine/include/cpp/ie_cnn_net_reader.h:17,
#17 1.289                  from /work/stage/deployment_tools/inference_engine/include/inference_engine.hpp:13,
#17 1.289                  from /work/smoke/main.cpp:16:
#17 1.289 /work/stage/deployment_tools/inference_engine/include/ie_layers.h:431:48: note: declared here
#17 1.289   431 | class INFERENCE_ENGINE_INTERNAL_CNNLAYER_CLASS(ConvolutionLayer): public WeightableLayer {
#17 1.289       |                                                ^~~~~~~~~~~~~~~~
#17 1.289 /work/stage/deployment_tools/inference_engine/include/ie_api.h:36:80: note: in definition of macro 'INFERENCE_ENGINE_API_CLASS'
#17 1.289    36 | #define INFERENCE_ENGINE_API_CLASS(...) __attribute__((visibility("default"))) __VA_ARGS__
#17 1.289       |                                                                                ^~~~~~~~~~~
#17 1.289 /work/stage/deployment_tools/inference_engine/include/ie_layers.h:431:7: note: in expansion of macro 'INFERENCE_ENGINE_INTERNAL_CNNLAYER_CLASS'
#17 1.289   431 | class INFERENCE_ENGINE_INTERNAL_CNNLAYER_CLASS(ConvolutionLayer): public WeightableLayer {
#17 1.289       |       ^~~~~~~~~~~~~~~~~~~~~~~~~~~~~~~~~~~~~~~~
#17 1.289 In file included from /work/stage/deployment_tools/inference_engine/include/ie_iextension.h:23,
#17 1.289                  from /work/stage/deployment_tools/inference_engine/include/ie_icnn_network.hpp:21,
#17 1.289                  from /work/stage/deployment_tools/inference_engine/include/ie_icnn_net_reader.h:19,
#17 1.289                  from /work/stage/deployment_tools/inference_engine/include/cpp/ie_cnn_network.h:12,
#17 1.289                  from /work/stage/deployment_tools/inference_engine/include/cpp/ie_cnn_net_reader.h:20,
#17 1.289                  from /work/stage/deployment_tools/inference_engine/include/inference_engine.hpp:13,
#17 1.289                  from /work/smoke/main.cpp:16:
#17 1.289 /work/stage/deployment_tools/inference_engine/include/ie_layers.h:525:27: warning: 'ConvolutionLayer' is deprecated: Migrate to IR v10 and work with ngraph::Function directly. The method will be removed in 2021.1 [-Wdeprecated-declarations]
#17 1.289   525 |     using ConvolutionLayer::ConvolutionLayer;
#17 1.289       |                           ^~
#17 1.289 In file included from /work/stage/deployment_tools/inference_engine/include/details/ie_exception.hpp:12,
#17 1.289                  from /work/stage/deployment_tools/inference_engine/include/ie_common.h:14,
#17 1.289                  from /work/stage/deployment_tools/inference_engine/include/details/ie_exception_conversion.hpp:11,
#17 1.289                  from /work/stage/deployment_tools/inference_engine/include/cpp/ie_cnn_net_reader.h:17,
#17 1.289                  from /work/stage/deployment_tools/inference_engine/include/inference_engine.hpp:13,
#17 1.289                  from /work/smoke/main.cpp:16:
#17 1.289 /work/stage/deployment_tools/inference_engine/include/ie_layers.h:431:48: note: declared here
#17 1.289   431 | class INFERENCE_ENGINE_INTERNAL_CNNLAYER_CLASS(ConvolutionLayer): public WeightableLayer {
#17 1.289       |                                                ^~~~~~~~~~~~~~~~
#17 1.289 /work/stage/deployment_tools/inference_engine/include/ie_api.h:36:80: note: in definition of macro 'INFERENCE_ENGINE_API_CLASS'
#17 1.289    36 | #define INFERENCE_ENGINE_API_CLASS(...) __attribute__((visibility("default"))) __VA_ARGS__
#17 1.289       |                                                                                ^~~~~~~~~~~
#17 1.289 /work/stage/deployment_tools/inference_engine/include/ie_layers.h:431:7: note: in expansion of macro 'INFERENCE_ENGINE_INTERNAL_CNNLAYER_CLASS'
#17 1.289   431 | class INFERENCE_ENGINE_INTERNAL_CNNLAYER_CLASS(ConvolutionLayer): public WeightableLayer {
#17 1.289       |       ^~~~~~~~~~~~~~~~~~~~~~~~~~~~~~~~~~~~~~~~
#17 1.289 In file included from /work/stage/deployment_tools/inference_engine/include/ie_iextension.h:23,
#17 1.289                  from /work/stage/deployment_tools/inference_engine/include/ie_icnn_network.hpp:21,
#17 1.289                  from /work/stage/deployment_tools/inference_engine/include/ie_icnn_net_reader.h:19,
#17 1.289                  from /work/stage/deployment_tools/inference_engine/include/cpp/ie_cnn_network.h:12,
#17 1.289                  from /work/stage/deployment_tools/inference_engine/include/cpp/ie_cnn_net_reader.h:20,
#17 1.289                  from /work/stage/deployment_tools/inference_engine/include/inference_engine.hpp:13,
#17 1.289                  from /work/smoke/main.cpp:16:
#17 1.289 /work/stage/deployment_tools/inference_engine/include/ie_layers.h:526:27: warning: 'ConvolutionLayer' is deprecated: Migrate to IR v10 and work with ngraph::Function directly. The method will be removed in 2021.1 [-Wdeprecated-declarations]
#17 1.289   526 |     using ConvolutionLayer::operator=;
#17 1.289       |                           ^~
#17 1.289 In file included from /work/stage/deployment_tools/inference_engine/include/details/ie_exception.hpp:12,
#17 1.289                  from /work/stage/deployment_tools/inference_engine/include/ie_common.h:14,
#17 1.289                  from /work/stage/deployment_tools/inference_engine/include/details/ie_exception_conversion.hpp:11,
#17 1.289                  from /work/stage/deployment_tools/inference_engine/include/cpp/ie_cnn_net_reader.h:17,
#17 1.289                  from /work/stage/deployment_tools/inference_engine/include/inference_engine.hpp:13,
#17 1.289                  from /work/smoke/main.cpp:16:
#17 1.289 /work/stage/deployment_tools/inference_engine/include/ie_layers.h:431:48: note: declared here
#17 1.289   431 | class INFERENCE_ENGINE_INTERNAL_CNNLAYER_CLASS(ConvolutionLayer): public WeightableLayer {
#17 1.289       |                                                ^~~~~~~~~~~~~~~~
#17 1.289 /work/stage/deployment_tools/inference_engine/include/ie_api.h:36:80: note: in definition of macro 'INFERENCE_ENGINE_API_CLASS'
#17 1.289    36 | #define INFERENCE_ENGINE_API_CLASS(...) __attribute__((visibility("default"))) __VA_ARGS__
#17 1.289       |                                                                                ^~~~~~~~~~~
#17 1.289 /work/stage/deployment_tools/inference_engine/include/ie_layers.h:431:7: note: in expansion of macro 'INFERENCE_ENGINE_INTERNAL_CNNLAYER_CLASS'
#17 1.289   431 | class INFERENCE_ENGINE_INTERNAL_CNNLAYER_CLASS(ConvolutionLayer): public WeightableLayer {
#17 1.289       |       ^~~~~~~~~~~~~~~~~~~~~~~~~~~~~~~~~~~~~~~~
#17 1.292 In file included from /work/stage/deployment_tools/inference_engine/include/ie_iextension.h:23,
#17 1.292                  from /work/stage/deployment_tools/inference_engine/include/ie_icnn_network.hpp:21,
#17 1.292                  from /work/stage/deployment_tools/inference_engine/include/ie_icnn_net_reader.h:19,
#17 1.292                  from /work/stage/deployment_tools/inference_engine/include/cpp/ie_cnn_network.h:12,
#17 1.292                  from /work/stage/deployment_tools/inference_engine/include/cpp/ie_cnn_net_reader.h:20,
#17 1.292                  from /work/stage/deployment_tools/inference_engine/include/inference_engine.hpp:13,
#17 1.292                  from /work/smoke/main.cpp:16:
#17 1.292 /work/stage/deployment_tools/inference_engine/include/ie_layers.h:737:26: warning: 'WeightableLayer' is deprecated: Migrate to IR v10 and work with ngraph::Function directly. The method will be removed in 2021.1 [-Wdeprecated-declarations]
#17 1.292   737 |     using WeightableLayer::WeightableLayer;
#17 1.292       |                          ^~
#17 1.292 In file included from /work/stage/deployment_tools/inference_engine/include/details/ie_exception.hpp:12,
#17 1.292                  from /work/stage/deployment_tools/inference_engine/include/ie_common.h:14,
#17 1.292                  from /work/stage/deployment_tools/inference_engine/include/details/ie_exception_conversion.hpp:11,
#17 1.292                  from /work/stage/deployment_tools/inference_engine/include/cpp/ie_cnn_net_reader.h:17,
#17 1.292                  from /work/stage/deployment_tools/inference_engine/include/inference_engine.hpp:13,
#17 1.292                  from /work/smoke/main.cpp:16:
#17 1.292 /work/stage/deployment_tools/inference_engine/include/ie_layers.h:388:48: note: declared here
#17 1.292   388 | class INFERENCE_ENGINE_INTERNAL_CNNLAYER_CLASS(WeightableLayer): public CNNLayer {
#17 1.292       |                                                ^~~~~~~~~~~~~~~
#17 1.292 /work/stage/deployment_tools/inference_engine/include/ie_api.h:36:80: note: in definition of macro 'INFERENCE_ENGINE_API_CLASS'
#17 1.292    36 | #define INFERENCE_ENGINE_API_CLASS(...) __attribute__((visibility("default"))) __VA_ARGS__
#17 1.292       |                                                                                ^~~~~~~~~~~
#17 1.292 /work/stage/deployment_tools/inference_engine/include/ie_layers.h:388:7: note: in expansion of macro 'INFERENCE_ENGINE_INTERNAL_CNNLAYER_CLASS'
#17 1.292   388 | class INFERENCE_ENGINE_INTERNAL_CNNLAYER_CLASS(WeightableLayer): public CNNLayer {
#17 1.292       |       ^~~~~~~~~~~~~~~~~~~~~~~~~~~~~~~~~~~~~~~~
#17 1.292 In file included from /work/stage/deployment_tools/inference_engine/include/ie_iextension.h:23,
#17 1.292                  from /work/stage/deployment_tools/inference_engine/include/ie_icnn_network.hpp:21,
#17 1.292                  from /work/stage/deployment_tools/inference_engine/include/ie_icnn_net_reader.h:19,
#17 1.292                  from /work/stage/deployment_tools/inference_engine/include/cpp/ie_cnn_network.h:12,
#17 1.292                  from /work/stage/deployment_tools/inference_engine/include/cpp/ie_cnn_net_reader.h:20,
#17 1.292                  from /work/stage/deployment_tools/inference_engine/include/inference_engine.hpp:13,
#17 1.292                  from /work/smoke/main.cpp:16:
#17 1.292 /work/stage/deployment_tools/inference_engine/include/ie_layers.h:761:19: warning: 'CNNLayer' is deprecated: Migrate to IR v10 and work with ngraph::Function directly. The method will be removed in 2021.1 [-Wdeprecated-declarations]
#17 1.292   761 |     using CNNLayer::CNNLayer;
#17 1.292       |                   ^~
#17 1.292 In file included from /work/stage/deployment_tools/inference_engine/include/details/ie_exception.hpp:12,
#17 1.292                  from /work/stage/deployment_tools/inference_engine/include/ie_common.h:14,
#17 1.292                  from /work/stage/deployment_tools/inference_engine/include/details/ie_exception_conversion.hpp:11,
#17 1.292                  from /work/stage/deployment_tools/inference_engine/include/cpp/ie_cnn_net_reader.h:17,
#17 1.292                  from /work/stage/deployment_tools/inference_engine/include/inference_engine.hpp:13,
#17 1.292                  from /work/smoke/main.cpp:16:
#17 1.292 /work/stage/deployment_tools/inference_engine/include/ie_layers.h:89:48: note: declared here
#17 1.292    89 | class INFERENCE_ENGINE_INTERNAL_CNNLAYER_CLASS(CNNLayer) {
#17 1.292       |                                                ^~~~~~~~
#17 1.292 /work/stage/deployment_tools/inference_engine/include/ie_api.h:36:80: note: in definition of macro 'INFERENCE_ENGINE_API_CLASS'
#17 1.292    36 | #define INFERENCE_ENGINE_API_CLASS(...) __attribute__((visibility("default"))) __VA_ARGS__
#17 1.292       |                                                                                ^~~~~~~~~~~
#17 1.292 /work/stage/deployment_tools/inference_engine/include/ie_layers.h:89:7: note: in expansion of macro 'INFERENCE_ENGINE_INTERNAL_CNNLAYER_CLASS'
#17 1.292    89 | class INFERENCE_ENGINE_INTERNAL_CNNLAYER_CLASS(CNNLayer) {
#17 1.292       |       ^~~~~~~~~~~~~~~~~~~~~~~~~~~~~~~~~~~~~~~~
#17 1.292 In file included from /work/stage/deployment_tools/inference_engine/include/ie_iextension.h:23,
#17 1.292                  from /work/stage/deployment_tools/inference_engine/include/ie_icnn_network.hpp:21,
#17 1.292                  from /work/stage/deployment_tools/inference_engine/include/ie_icnn_net_reader.h:19,
#17 1.292                  from /work/stage/deployment_tools/inference_engine/include/cpp/ie_cnn_network.h:12,
#17 1.292                  from /work/stage/deployment_tools/inference_engine/include/cpp/ie_cnn_net_reader.h:20,
#17 1.292                  from /work/stage/deployment_tools/inference_engine/include/inference_engine.hpp:13,
#17 1.292                  from /work/smoke/main.cpp:16:
#17 1.292 /work/stage/deployment_tools/inference_engine/include/ie_layers.h:780:19: warning: 'CNNLayer' is deprecated: Migrate to IR v10 and work with ngraph::Function directly. The method will be removed in 2021.1 [-Wdeprecated-declarations]
#17 1.292   780 |     using CNNLayer::CNNLayer;
#17 1.292       |                   ^~
#17 1.292 In file included from /work/stage/deployment_tools/inference_engine/include/details/ie_exception.hpp:12,
#17 1.292                  from /work/stage/deployment_tools/inference_engine/include/ie_common.h:14,
#17 1.292                  from /work/stage/deployment_tools/inference_engine/include/details/ie_exception_conversion.hpp:11,
#17 1.292                  from /work/stage/deployment_tools/inference_engine/include/cpp/ie_cnn_net_reader.h:17,
#17 1.292                  from /work/stage/deployment_tools/inference_engine/include/inference_engine.hpp:13,
#17 1.292                  from /work/smoke/main.cpp:16:
#17 1.292 /work/stage/deployment_tools/inference_engine/include/ie_layers.h:89:48: note: declared here
#17 1.292    89 | class INFERENCE_ENGINE_INTERNAL_CNNLAYER_CLASS(CNNLayer) {
#17 1.292       |                                                ^~~~~~~~
#17 1.292 /work/stage/deployment_tools/inference_engine/include/ie_api.h:36:80: note: in definition of macro 'INFERENCE_ENGINE_API_CLASS'
#17 1.292    36 | #define INFERENCE_ENGINE_API_CLASS(...) __attribute__((visibility("default"))) __VA_ARGS__
#17 1.292       |                                                                                ^~~~~~~~~~~
#17 1.292 /work/stage/deployment_tools/inference_engine/include/ie_layers.h:89:7: note: in expansion of macro 'INFERENCE_ENGINE_INTERNAL_CNNLAYER_CLASS'
#17 1.292    89 | class INFERENCE_ENGINE_INTERNAL_CNNLAYER_CLASS(CNNLayer) {
#17 1.292       |       ^~~~~~~~~~~~~~~~~~~~~~~~~~~~~~~~~~~~~~~~
#17 1.292 In file included from /work/stage/deployment_tools/inference_engine/include/ie_iextension.h:23,
#17 1.292                  from /work/stage/deployment_tools/inference_engine/include/ie_icnn_network.hpp:21,
#17 1.292                  from /work/stage/deployment_tools/inference_engine/include/ie_icnn_net_reader.h:19,
#17 1.292                  from /work/stage/deployment_tools/inference_engine/include/cpp/ie_cnn_network.h:12,
#17 1.292                  from /work/stage/deployment_tools/inference_engine/include/cpp/ie_cnn_net_reader.h:20,
#17 1.292                  from /work/stage/deployment_tools/inference_engine/include/inference_engine.hpp:13,
#17 1.292                  from /work/smoke/main.cpp:16:
#17 1.292 /work/stage/deployment_tools/inference_engine/include/ie_layers.h:815:19: warning: 'CNNLayer' is deprecated: Migrate to IR v10 and work with ngraph::Function directly. The method will be removed in 2021.1 [-Wdeprecated-declarations]
#17 1.292   815 |     using CNNLayer::CNNLayer;
#17 1.292       |                   ^~
#17 1.292 In file included from /work/stage/deployment_tools/inference_engine/include/details/ie_exception.hpp:12,
#17 1.292                  from /work/stage/deployment_tools/inference_engine/include/ie_common.h:14,
#17 1.292                  from /work/stage/deployment_tools/inference_engine/include/details/ie_exception_conversion.hpp:11,
#17 1.292                  from /work/stage/deployment_tools/inference_engine/include/cpp/ie_cnn_net_reader.h:17,
#17 1.292                  from /work/stage/deployment_tools/inference_engine/include/inference_engine.hpp:13,
#17 1.292                  from /work/smoke/main.cpp:16:
#17 1.292 /work/stage/deployment_tools/inference_engine/include/ie_layers.h:89:48: note: declared here
#17 1.292    89 | class INFERENCE_ENGINE_INTERNAL_CNNLAYER_CLASS(CNNLayer) {
#17 1.292       |                                                ^~~~~~~~
#17 1.292 /work/stage/deployment_tools/inference_engine/include/ie_api.h:36:80: note: in definition of macro 'INFERENCE_ENGINE_API_CLASS'
#17 1.292    36 | #define INFERENCE_ENGINE_API_CLASS(...) __attribute__((visibility("default"))) __VA_ARGS__
#17 1.292       |                                                                                ^~~~~~~~~~~
#17 1.292 /work/stage/deployment_tools/inference_engine/include/ie_layers.h:89:7: note: in expansion of macro 'INFERENCE_ENGINE_INTERNAL_CNNLAYER_CLASS'
#17 1.292    89 | class INFERENCE_ENGINE_INTERNAL_CNNLAYER_CLASS(CNNLayer) {
#17 1.292       |       ^~~~~~~~~~~~~~~~~~~~~~~~~~~~~~~~~~~~~~~~
#17 1.293 In file included from /work/stage/deployment_tools/inference_engine/include/ie_iextension.h:23,
#17 1.293                  from /work/stage/deployment_tools/inference_engine/include/ie_icnn_network.hpp:21,
#17 1.293                  from /work/stage/deployment_tools/inference_engine/include/ie_icnn_net_reader.h:19,
#17 1.293                  from /work/stage/deployment_tools/inference_engine/include/cpp/ie_cnn_network.h:12,
#17 1.293                  from /work/stage/deployment_tools/inference_engine/include/cpp/ie_cnn_net_reader.h:20,
#17 1.293                  from /work/stage/deployment_tools/inference_engine/include/inference_engine.hpp:13,
#17 1.293                  from /work/smoke/main.cpp:16:
#17 1.293 /work/stage/deployment_tools/inference_engine/include/ie_layers.h:833:19: warning: 'CNNLayer' is deprecated: Migrate to IR v10 and work with ngraph::Function directly. The method will be removed in 2021.1 [-Wdeprecated-declarations]
#17 1.293   833 |     using CNNLayer::CNNLayer;
#17 1.293       |                   ^~
#17 1.293 In file included from /work/stage/deployment_tools/inference_engine/include/details/ie_exception.hpp:12,
#17 1.293                  from /work/stage/deployment_tools/inference_engine/include/ie_common.h:14,
#17 1.293                  from /work/stage/deployment_tools/inference_engine/include/details/ie_exception_conversion.hpp:11,
#17 1.293                  from /work/stage/deployment_tools/inference_engine/include/cpp/ie_cnn_net_reader.h:17,
#17 1.293                  from /work/stage/deployment_tools/inference_engine/include/inference_engine.hpp:13,
#17 1.293                  from /work/smoke/main.cpp:16:
#17 1.293 /work/stage/deployment_tools/inference_engine/include/ie_layers.h:89:48: note: declared here
#17 1.293    89 | class INFERENCE_ENGINE_INTERNAL_CNNLAYER_CLASS(CNNLayer) {
#17 1.293       |                                                ^~~~~~~~
#17 1.293 /work/stage/deployment_tools/inference_engine/include/ie_api.h:36:80: note: in definition of macro 'INFERENCE_ENGINE_API_CLASS'
#17 1.293    36 | #define INFERENCE_ENGINE_API_CLASS(...) __attribute__((visibility("default"))) __VA_ARGS__
#17 1.293       |                                                                                ^~~~~~~~~~~
#17 1.293 /work/stage/deployment_tools/inference_engine/include/ie_layers.h:89:7: note: in expansion of macro 'INFERENCE_ENGINE_INTERNAL_CNNLAYER_CLASS'
#17 1.293    89 | class INFERENCE_ENGINE_INTERNAL_CNNLAYER_CLASS(CNNLayer) {
#17 1.293       |       ^~~~~~~~~~~~~~~~~~~~~~~~~~~~~~~~~~~~~~~~
#17 1.293 In file included from /work/stage/deployment_tools/inference_engine/include/ie_iextension.h:23,
#17 1.293                  from /work/stage/deployment_tools/inference_engine/include/ie_icnn_network.hpp:21,
#17 1.293                  from /work/stage/deployment_tools/inference_engine/include/ie_icnn_net_reader.h:19,
#17 1.293                  from /work/stage/deployment_tools/inference_engine/include/cpp/ie_cnn_network.h:12,
#17 1.293                  from /work/stage/deployment_tools/inference_engine/include/cpp/ie_cnn_net_reader.h:20,
#17 1.293                  from /work/stage/deployment_tools/inference_engine/include/inference_engine.hpp:13,
#17 1.293                  from /work/smoke/main.cpp:16:
#17 1.293 /work/stage/deployment_tools/inference_engine/include/ie_layers.h:848:19: warning: 'CNNLayer' is deprecated: Migrate to IR v10 and work with ngraph::Function directly. The method will be removed in 2021.1 [-Wdeprecated-declarations]
#17 1.293   848 |     using CNNLayer::CNNLayer;
#17 1.293       |                   ^~
#17 1.293 In file included from /work/stage/deployment_tools/inference_engine/include/details/ie_exception.hpp:12,
#17 1.293                  from /work/stage/deployment_tools/inference_engine/include/ie_common.h:14,
#17 1.293                  from /work/stage/deployment_tools/inference_engine/include/details/ie_exception_conversion.hpp:11,
#17 1.293                  from /work/stage/deployment_tools/inference_engine/include/cpp/ie_cnn_net_reader.h:17,
#17 1.293                  from /work/stage/deployment_tools/inference_engine/include/inference_engine.hpp:13,
#17 1.293                  from /work/smoke/main.cpp:16:
#17 1.293 /work/stage/deployment_tools/inference_engine/include/ie_layers.h:89:48: note: declared here
#17 1.293    89 | class INFERENCE_ENGINE_INTERNAL_CNNLAYER_CLASS(CNNLayer) {
#17 1.293       |                                                ^~~~~~~~
#17 1.293 /work/stage/deployment_tools/inference_engine/include/ie_api.h:36:80: note: in definition of macro 'INFERENCE_ENGINE_API_CLASS'
#17 1.293    36 | #define INFERENCE_ENGINE_API_CLASS(...) __attribute__((visibility("default"))) __VA_ARGS__
#17 1.293       |                                                                                ^~~~~~~~~~~
#17 1.293 /work/stage/deployment_tools/inference_engine/include/ie_layers.h:89:7: note: in expansion of macro 'INFERENCE_ENGINE_INTERNAL_CNNLAYER_CLASS'
#17 1.293    89 | class INFERENCE_ENGINE_INTERNAL_CNNLAYER_CLASS(CNNLayer) {
#17 1.293       |       ^~~~~~~~~~~~~~~~~~~~~~~~~~~~~~~~~~~~~~~~
#17 1.293 In file included from /work/stage/deployment_tools/inference_engine/include/ie_iextension.h:23,
#17 1.293                  from /work/stage/deployment_tools/inference_engine/include/ie_icnn_network.hpp:21,
#17 1.293                  from /work/stage/deployment_tools/inference_engine/include/ie_icnn_net_reader.h:19,
#17 1.293                  from /work/stage/deployment_tools/inference_engine/include/cpp/ie_cnn_network.h:12,
#17 1.293                  from /work/stage/deployment_tools/inference_engine/include/cpp/ie_cnn_net_reader.h:20,
#17 1.293                  from /work/stage/deployment_tools/inference_engine/include/inference_engine.hpp:13,
#17 1.293                  from /work/smoke/main.cpp:16:
#17 1.293 /work/stage/deployment_tools/inference_engine/include/ie_layers.h:868:19: warning: 'CNNLayer' is deprecated: Migrate to IR v10 and work with ngraph::Function directly. The method will be removed in 2021.1 [-Wdeprecated-declarations]
#17 1.293   868 |     using CNNLayer::CNNLayer;
#17 1.293       |                   ^~
#17 1.293 In file included from /work/stage/deployment_tools/inference_engine/include/details/ie_exception.hpp:12,
#17 1.293                  from /work/stage/deployment_tools/inference_engine/include/ie_common.h:14,
#17 1.293                  from /work/stage/deployment_tools/inference_engine/include/details/ie_exception_conversion.hpp:11,
#17 1.293                  from /work/stage/deployment_tools/inference_engine/include/cpp/ie_cnn_net_reader.h:17,
#17 1.293                  from /work/stage/deployment_tools/inference_engine/include/inference_engine.hpp:13,
#17 1.293                  from /work/smoke/main.cpp:16:
#17 1.293 /work/stage/deployment_tools/inference_engine/include/ie_layers.h:89:48: note: declared here
#17 1.293    89 | class INFERENCE_ENGINE_INTERNAL_CNNLAYER_CLASS(CNNLayer) {
#17 1.293       |                                                ^~~~~~~~
#17 1.293 /work/stage/deployment_tools/inference_engine/include/ie_api.h:36:80: note: in definition of macro 'INFERENCE_ENGINE_API_CLASS'
#17 1.293    36 | #define INFERENCE_ENGINE_API_CLASS(...) __attribute__((visibility("default"))) __VA_ARGS__
#17 1.293       |                                                                                ^~~~~~~~~~~
#17 1.293 /work/stage/deployment_tools/inference_engine/include/ie_layers.h:89:7: note: in expansion of macro 'INFERENCE_ENGINE_INTERNAL_CNNLAYER_CLASS'
#17 1.293    89 | class INFERENCE_ENGINE_INTERNAL_CNNLAYER_CLASS(CNNLayer) {
#17 1.293       |       ^~~~~~~~~~~~~~~~~~~~~~~~~~~~~~~~~~~~~~~~
#17 1.293 In file included from /work/stage/deployment_tools/inference_engine/include/ie_iextension.h:23,
#17 1.293                  from /work/stage/deployment_tools/inference_engine/include/ie_icnn_network.hpp:21,
#17 1.293                  from /work/stage/deployment_tools/inference_engine/include/ie_icnn_net_reader.h:19,
#17 1.293                  from /work/stage/deployment_tools/inference_engine/include/cpp/ie_cnn_network.h:12,
#17 1.293                  from /work/stage/deployment_tools/inference_engine/include/cpp/ie_cnn_net_reader.h:20,
#17 1.293                  from /work/stage/deployment_tools/inference_engine/include/inference_engine.hpp:13,
#17 1.293                  from /work/smoke/main.cpp:16:
#17 1.293 /work/stage/deployment_tools/inference_engine/include/ie_layers.h:897:19: warning: 'CNNLayer' is deprecated: Migrate to IR v10 and work with ngraph::Function directly. The method will be removed in 2021.1 [-Wdeprecated-declarations]
#17 1.293   897 |     using CNNLayer::CNNLayer;
#17 1.293       |                   ^~
#17 1.293 In file included from /work/stage/deployment_tools/inference_engine/include/details/ie_exception.hpp:12,
#17 1.293                  from /work/stage/deployment_tools/inference_engine/include/ie_common.h:14,
#17 1.293                  from /work/stage/deployment_tools/inference_engine/include/details/ie_exception_conversion.hpp:11,
#17 1.293                  from /work/stage/deployment_tools/inference_engine/include/cpp/ie_cnn_net_reader.h:17,
#17 1.293                  from /work/stage/deployment_tools/inference_engine/include/inference_engine.hpp:13,
#17 1.293                  from /work/smoke/main.cpp:16:
#17 1.293 /work/stage/deployment_tools/inference_engine/include/ie_layers.h:89:48: note: declared here
#17 1.293    89 | class INFERENCE_ENGINE_INTERNAL_CNNLAYER_CLASS(CNNLayer) {
#17 1.293       |                                                ^~~~~~~~
#17 1.293 /work/stage/deployment_tools/inference_engine/include/ie_api.h:36:80: note: in definition of macro 'INFERENCE_ENGINE_API_CLASS'
#17 1.293    36 | #define INFERENCE_ENGINE_API_CLASS(...) __attribute__((visibility("default"))) __VA_ARGS__
#17 1.293       |                                                                                ^~~~~~~~~~~
#17 1.293 /work/stage/deployment_tools/inference_engine/include/ie_layers.h:89:7: note: in expansion of macro 'INFERENCE_ENGINE_INTERNAL_CNNLAYER_CLASS'
#17 1.293    89 | class INFERENCE_ENGINE_INTERNAL_CNNLAYER_CLASS(CNNLayer) {
#17 1.293       |       ^~~~~~~~~~~~~~~~~~~~~~~~~~~~~~~~~~~~~~~~
#17 1.294 In file included from /work/stage/deployment_tools/inference_engine/include/ie_iextension.h:23,
#17 1.294                  from /work/stage/deployment_tools/inference_engine/include/ie_icnn_network.hpp:21,
#17 1.294                  from /work/stage/deployment_tools/inference_engine/include/ie_icnn_net_reader.h:19,
#17 1.294                  from /work/stage/deployment_tools/inference_engine/include/cpp/ie_cnn_network.h:12,
#17 1.294                  from /work/stage/deployment_tools/inference_engine/include/cpp/ie_cnn_net_reader.h:20,
#17 1.294                  from /work/stage/deployment_tools/inference_engine/include/inference_engine.hpp:13,
#17 1.294                  from /work/smoke/main.cpp:16:
#17 1.294 /work/stage/deployment_tools/inference_engine/include/ie_layers.h:922:19: warning: 'CNNLayer' is deprecated: Migrate to IR v10 and work with ngraph::Function directly. The method will be removed in 2021.1 [-Wdeprecated-declarations]
#17 1.294   922 |     using CNNLayer::CNNLayer;
#17 1.294       |                   ^~
#17 1.294 In file included from /work/stage/deployment_tools/inference_engine/include/details/ie_exception.hpp:12,
#17 1.294                  from /work/stage/deployment_tools/inference_engine/include/ie_common.h:14,
#17 1.294                  from /work/stage/deployment_tools/inference_engine/include/details/ie_exception_conversion.hpp:11,
#17 1.294                  from /work/stage/deployment_tools/inference_engine/include/cpp/ie_cnn_net_reader.h:17,
#17 1.294                  from /work/stage/deployment_tools/inference_engine/include/inference_engine.hpp:13,
#17 1.294                  from /work/smoke/main.cpp:16:
#17 1.294 /work/stage/deployment_tools/inference_engine/include/ie_layers.h:89:48: note: declared here
#17 1.294    89 | class INFERENCE_ENGINE_INTERNAL_CNNLAYER_CLASS(CNNLayer) {
#17 1.294       |                                                ^~~~~~~~
#17 1.294 /work/stage/deployment_tools/inference_engine/include/ie_api.h:36:80: note: in definition of macro 'INFERENCE_ENGINE_API_CLASS'
#17 1.294    36 | #define INFERENCE_ENGINE_API_CLASS(...) __attribute__((visibility("default"))) __VA_ARGS__
#17 1.294       |                                                                                ^~~~~~~~~~~
#17 1.294 /work/stage/deployment_tools/inference_engine/include/ie_layers.h:89:7: note: in expansion of macro 'INFERENCE_ENGINE_INTERNAL_CNNLAYER_CLASS'
#17 1.294    89 | class INFERENCE_ENGINE_INTERNAL_CNNLAYER_CLASS(CNNLayer) {
#17 1.294       |       ^~~~~~~~~~~~~~~~~~~~~~~~~~~~~~~~~~~~~~~~
#17 1.294 In file included from /work/stage/deployment_tools/inference_engine/include/ie_iextension.h:23,
#17 1.294                  from /work/stage/deployment_tools/inference_engine/include/ie_icnn_network.hpp:21,
#17 1.294                  from /work/stage/deployment_tools/inference_engine/include/ie_icnn_net_reader.h:19,
#17 1.294                  from /work/stage/deployment_tools/inference_engine/include/cpp/ie_cnn_network.h:12,
#17 1.294                  from /work/stage/deployment_tools/inference_engine/include/cpp/ie_cnn_net_reader.h:20,
#17 1.294                  from /work/stage/deployment_tools/inference_engine/include/inference_engine.hpp:13,
#17 1.294                  from /work/smoke/main.cpp:16:
#17 1.294 /work/stage/deployment_tools/inference_engine/include/ie_layers.h:994:19: warning: 'CNNLayer' is deprecated: Migrate to IR v10 and work with ngraph::Function directly. The method will be removed in 2021.1 [-Wdeprecated-declarations]
#17 1.294   994 |     using CNNLayer::CNNLayer;
#17 1.294       |                   ^~
#17 1.294 In file included from /work/stage/deployment_tools/inference_engine/include/details/ie_exception.hpp:12,
#17 1.294                  from /work/stage/deployment_tools/inference_engine/include/ie_common.h:14,
#17 1.294                  from /work/stage/deployment_tools/inference_engine/include/details/ie_exception_conversion.hpp:11,
#17 1.294                  from /work/stage/deployment_tools/inference_engine/include/cpp/ie_cnn_net_reader.h:17,
#17 1.294                  from /work/stage/deployment_tools/inference_engine/include/inference_engine.hpp:13,
#17 1.294                  from /work/smoke/main.cpp:16:
#17 1.294 /work/stage/deployment_tools/inference_engine/include/ie_layers.h:89:48: note: declared here
#17 1.294    89 | class INFERENCE_ENGINE_INTERNAL_CNNLAYER_CLASS(CNNLayer) {
#17 1.294       |                                                ^~~~~~~~
#17 1.294 /work/stage/deployment_tools/inference_engine/include/ie_api.h:36:80: note: in definition of macro 'INFERENCE_ENGINE_API_CLASS'
#17 1.294    36 | #define INFERENCE_ENGINE_API_CLASS(...) __attribute__((visibility("default"))) __VA_ARGS__
#17 1.294       |                                                                                ^~~~~~~~~~~
#17 1.294 /work/stage/deployment_tools/inference_engine/include/ie_layers.h:89:7: note: in expansion of macro 'INFERENCE_ENGINE_INTERNAL_CNNLAYER_CLASS'
#17 1.294    89 | class INFERENCE_ENGINE_INTERNAL_CNNLAYER_CLASS(CNNLayer) {
#17 1.294       |       ^~~~~~~~~~~~~~~~~~~~~~~~~~~~~~~~~~~~~~~~
#17 1.297 In file included from /work/stage/deployment_tools/inference_engine/include/ie_iextension.h:23,
#17 1.297                  from /work/stage/deployment_tools/inference_engine/include/ie_icnn_network.hpp:21,
#17 1.297                  from /work/stage/deployment_tools/inference_engine/include/ie_icnn_net_reader.h:19,
#17 1.297                  from /work/stage/deployment_tools/inference_engine/include/cpp/ie_cnn_network.h:12,
#17 1.297                  from /work/stage/deployment_tools/inference_engine/include/cpp/ie_cnn_net_reader.h:20,
#17 1.297                  from /work/stage/deployment_tools/inference_engine/include/inference_engine.hpp:13,
#17 1.297                  from /work/smoke/main.cpp:16:
#17 1.297 /work/stage/deployment_tools/inference_engine/include/ie_layers.h:1021:19: warning: 'CNNLayer' is deprecated: Migrate to IR v10 and work with ngraph::Function directly. The method will be removed in 2021.1 [-Wdeprecated-declarations]
#17 1.297  1021 |     using CNNLayer::CNNLayer;
#17 1.297       |                   ^~
#17 1.297 In file included from /work/stage/deployment_tools/inference_engine/include/details/ie_exception.hpp:12,
#17 1.297                  from /work/stage/deployment_tools/inference_engine/include/ie_common.h:14,
#17 1.297                  from /work/stage/deployment_tools/inference_engine/include/details/ie_exception_conversion.hpp:11,
#17 1.297                  from /work/stage/deployment_tools/inference_engine/include/cpp/ie_cnn_net_reader.h:17,
#17 1.297                  from /work/stage/deployment_tools/inference_engine/include/inference_engine.hpp:13,
#17 1.297                  from /work/smoke/main.cpp:16:
#17 1.297 /work/stage/deployment_tools/inference_engine/include/ie_layers.h:89:48: note: declared here
#17 1.297    89 | class INFERENCE_ENGINE_INTERNAL_CNNLAYER_CLASS(CNNLayer) {
#17 1.297       |                                                ^~~~~~~~
#17 1.297 /work/stage/deployment_tools/inference_engine/include/ie_api.h:36:80: note: in definition of macro 'INFERENCE_ENGINE_API_CLASS'
#17 1.297    36 | #define INFERENCE_ENGINE_API_CLASS(...) __attribute__((visibility("default"))) __VA_ARGS__
#17 1.297       |                                                                                ^~~~~~~~~~~
#17 1.297 /work/stage/deployment_tools/inference_engine/include/ie_layers.h:89:7: note: in expansion of macro 'INFERENCE_ENGINE_INTERNAL_CNNLAYER_CLASS'
#17 1.297    89 | class INFERENCE_ENGINE_INTERNAL_CNNLAYER_CLASS(CNNLayer) {
#17 1.297       |       ^~~~~~~~~~~~~~~~~~~~~~~~~~~~~~~~~~~~~~~~
#17 1.297 In file included from /work/stage/deployment_tools/inference_engine/include/ie_iextension.h:23,
#17 1.297                  from /work/stage/deployment_tools/inference_engine/include/ie_icnn_network.hpp:21,
#17 1.297                  from /work/stage/deployment_tools/inference_engine/include/ie_icnn_net_reader.h:19,
#17 1.297                  from /work/stage/deployment_tools/inference_engine/include/cpp/ie_cnn_network.h:12,
#17 1.297                  from /work/stage/deployment_tools/inference_engine/include/cpp/ie_cnn_net_reader.h:20,
#17 1.297                  from /work/stage/deployment_tools/inference_engine/include/inference_engine.hpp:13,
#17 1.297                  from /work/smoke/main.cpp:16:
#17 1.297 /work/stage/deployment_tools/inference_engine/include/ie_layers.h:1048:19: warning: 'CNNLayer' is deprecated: Migrate to IR v10 and work with ngraph::Function directly. The method will be removed in 2021.1 [-Wdeprecated-declarations]
#17 1.297  1048 |     using CNNLayer::CNNLayer;
#17 1.297       |                   ^~
#17 1.297 In file included from /work/stage/deployment_tools/inference_engine/include/details/ie_exception.hpp:12,
#17 1.297                  from /work/stage/deployment_tools/inference_engine/include/ie_common.h:14,
#17 1.297                  from /work/stage/deployment_tools/inference_engine/include/details/ie_exception_conversion.hpp:11,
#17 1.297                  from /work/stage/deployment_tools/inference_engine/include/cpp/ie_cnn_net_reader.h:17,
#17 1.297                  from /work/stage/deployment_tools/inference_engine/include/inference_engine.hpp:13,
#17 1.297                  from /work/smoke/main.cpp:16:
#17 1.297 /work/stage/deployment_tools/inference_engine/include/ie_layers.h:89:48: note: declared here
#17 1.297    89 | class INFERENCE_ENGINE_INTERNAL_CNNLAYER_CLASS(CNNLayer) {
#17 1.297       |                                                ^~~~~~~~
#17 1.297 /work/stage/deployment_tools/inference_engine/include/ie_api.h:36:80: note: in definition of macro 'INFERENCE_ENGINE_API_CLASS'
#17 1.297    36 | #define INFERENCE_ENGINE_API_CLASS(...) __attribute__((visibility("default"))) __VA_ARGS__
#17 1.297       |                                                                                ^~~~~~~~~~~
#17 1.297 /work/stage/deployment_tools/inference_engine/include/ie_layers.h:89:7: note: in expansion of macro 'INFERENCE_ENGINE_INTERNAL_CNNLAYER_CLASS'
#17 1.297    89 | class INFERENCE_ENGINE_INTERNAL_CNNLAYER_CLASS(CNNLayer) {
#17 1.297       |       ^~~~~~~~~~~~~~~~~~~~~~~~~~~~~~~~~~~~~~~~
#17 1.298 In file included from /work/stage/deployment_tools/inference_engine/include/ie_iextension.h:23,
#17 1.298                  from /work/stage/deployment_tools/inference_engine/include/ie_icnn_network.hpp:21,
#17 1.298                  from /work/stage/deployment_tools/inference_engine/include/ie_icnn_net_reader.h:19,
#17 1.298                  from /work/stage/deployment_tools/inference_engine/include/cpp/ie_cnn_network.h:12,
#17 1.298                  from /work/stage/deployment_tools/inference_engine/include/cpp/ie_cnn_net_reader.h:20,
#17 1.298                  from /work/stage/deployment_tools/inference_engine/include/inference_engine.hpp:13,
#17 1.298                  from /work/smoke/main.cpp:16:
#17 1.298 /work/stage/deployment_tools/inference_engine/include/ie_layers.h:1071:19: warning: 'CNNLayer' is deprecated: Migrate to IR v10 and work with ngraph::Function directly. The method will be removed in 2021.1 [-Wdeprecated-declarations]
#17 1.298  1071 |     using CNNLayer::CNNLayer;
#17 1.298       |                   ^~
#17 1.298 In file included from /work/stage/deployment_tools/inference_engine/include/details/ie_exception.hpp:12,
#17 1.298                  from /work/stage/deployment_tools/inference_engine/include/ie_common.h:14,
#17 1.298                  from /work/stage/deployment_tools/inference_engine/include/details/ie_exception_conversion.hpp:11,
#17 1.298                  from /work/stage/deployment_tools/inference_engine/include/cpp/ie_cnn_net_reader.h:17,
#17 1.298                  from /work/stage/deployment_tools/inference_engine/include/inference_engine.hpp:13,
#17 1.298                  from /work/smoke/main.cpp:16:
#17 1.298 /work/stage/deployment_tools/inference_engine/include/ie_layers.h:89:48: note: declared here
#17 1.298    89 | class INFERENCE_ENGINE_INTERNAL_CNNLAYER_CLASS(CNNLayer) {
#17 1.298       |                                                ^~~~~~~~
#17 1.298 /work/stage/deployment_tools/inference_engine/include/ie_api.h:36:80: note: in definition of macro 'INFERENCE_ENGINE_API_CLASS'
#17 1.298    36 | #define INFERENCE_ENGINE_API_CLASS(...) __attribute__((visibility("default"))) __VA_ARGS__
#17 1.298       |                                                                                ^~~~~~~~~~~
#17 1.298 /work/stage/deployment_tools/inference_engine/include/ie_layers.h:89:7: note: in expansion of macro 'INFERENCE_ENGINE_INTERNAL_CNNLAYER_CLASS'
#17 1.298    89 | class INFERENCE_ENGINE_INTERNAL_CNNLAYER_CLASS(CNNLayer) {
#17 1.298       |       ^~~~~~~~~~~~~~~~~~~~~~~~~~~~~~~~~~~~~~~~
#17 1.298 In file included from /work/stage/deployment_tools/inference_engine/include/ie_iextension.h:23,
#17 1.298                  from /work/stage/deployment_tools/inference_engine/include/ie_icnn_network.hpp:21,
#17 1.298                  from /work/stage/deployment_tools/inference_engine/include/ie_icnn_net_reader.h:19,
#17 1.298                  from /work/stage/deployment_tools/inference_engine/include/cpp/ie_cnn_network.h:12,
#17 1.298                  from /work/stage/deployment_tools/inference_engine/include/cpp/ie_cnn_net_reader.h:20,
#17 1.298                  from /work/stage/deployment_tools/inference_engine/include/inference_engine.hpp:13,
#17 1.298                  from /work/smoke/main.cpp:16:
#17 1.298 /work/stage/deployment_tools/inference_engine/include/ie_layers.h:1091:26: warning: 'WeightableLayer' is deprecated: Migrate to IR v10 and work with ngraph::Function directly. The method will be removed in 2021.1 [-Wdeprecated-declarations]
#17 1.298  1091 |     using WeightableLayer::WeightableLayer;
#17 1.298       |                          ^~
#17 1.298 In file included from /work/stage/deployment_tools/inference_engine/include/details/ie_exception.hpp:12,
#17 1.298                  from /work/stage/deployment_tools/inference_engine/include/ie_common.h:14,
#17 1.298                  from /work/stage/deployment_tools/inference_engine/include/details/ie_exception_conversion.hpp:11,
#17 1.298                  from /work/stage/deployment_tools/inference_engine/include/cpp/ie_cnn_net_reader.h:17,
#17 1.298                  from /work/stage/deployment_tools/inference_engine/include/inference_engine.hpp:13,
#17 1.298                  from /work/smoke/main.cpp:16:
#17 1.298 /work/stage/deployment_tools/inference_engine/include/ie_layers.h:388:48: note: declared here
#17 1.298   388 | class INFERENCE_ENGINE_INTERNAL_CNNLAYER_CLASS(WeightableLayer): public CNNLayer {
#17 1.298       |                                                ^~~~~~~~~~~~~~~
#17 1.298 /work/stage/deployment_tools/inference_engine/include/ie_api.h:36:80: note: in definition of macro 'INFERENCE_ENGINE_API_CLASS'
#17 1.298    36 | #define INFERENCE_ENGINE_API_CLASS(...) __attribute__((visibility("default"))) __VA_ARGS__
#17 1.298       |                                                                                ^~~~~~~~~~~
#17 1.298 /work/stage/deployment_tools/inference_engine/include/ie_layers.h:388:7: note: in expansion of macro 'INFERENCE_ENGINE_INTERNAL_CNNLAYER_CLASS'
#17 1.298   388 | class INFERENCE_ENGINE_INTERNAL_CNNLAYER_CLASS(WeightableLayer): public CNNLayer {
#17 1.298       |       ^~~~~~~~~~~~~~~~~~~~~~~~~~~~~~~~~~~~~~~~
#17 1.301 In file included from /work/stage/deployment_tools/inference_engine/include/ie_iextension.h:23,
#17 1.301                  from /work/stage/deployment_tools/inference_engine/include/ie_icnn_network.hpp:21,
#17 1.301                  from /work/stage/deployment_tools/inference_engine/include/ie_icnn_net_reader.h:19,
#17 1.301                  from /work/stage/deployment_tools/inference_engine/include/cpp/ie_cnn_network.h:12,
#17 1.301                  from /work/stage/deployment_tools/inference_engine/include/cpp/ie_cnn_net_reader.h:20,
#17 1.301                  from /work/stage/deployment_tools/inference_engine/include/inference_engine.hpp:13,
#17 1.301                  from /work/smoke/main.cpp:16:
#17 1.301 /work/stage/deployment_tools/inference_engine/include/ie_layers.h:1129:19: warning: 'CNNLayer' is deprecated: Migrate to IR v10 and work with ngraph::Function directly. The method will be removed in 2021.1 [-Wdeprecated-declarations]
#17 1.301  1129 |     using CNNLayer::CNNLayer;
#17 1.301       |                   ^~
#17 1.301 In file included from /work/stage/deployment_tools/inference_engine/include/details/ie_exception.hpp:12,
#17 1.301                  from /work/stage/deployment_tools/inference_engine/include/ie_common.h:14,
#17 1.301                  from /work/stage/deployment_tools/inference_engine/include/details/ie_exception_conversion.hpp:11,
#17 1.301                  from /work/stage/deployment_tools/inference_engine/include/cpp/ie_cnn_net_reader.h:17,
#17 1.301                  from /work/stage/deployment_tools/inference_engine/include/inference_engine.hpp:13,
#17 1.301                  from /work/smoke/main.cpp:16:
#17 1.301 /work/stage/deployment_tools/inference_engine/include/ie_layers.h:89:48: note: declared here
#17 1.301    89 | class INFERENCE_ENGINE_INTERNAL_CNNLAYER_CLASS(CNNLayer) {
#17 1.301       |                                                ^~~~~~~~
#17 1.301 /work/stage/deployment_tools/inference_engine/include/ie_api.h:36:80: note: in definition of macro 'INFERENCE_ENGINE_API_CLASS'
#17 1.301    36 | #define INFERENCE_ENGINE_API_CLASS(...) __attribute__((visibility("default"))) __VA_ARGS__
#17 1.301       |                                                                                ^~~~~~~~~~~
#17 1.301 /work/stage/deployment_tools/inference_engine/include/ie_layers.h:89:7: note: in expansion of macro 'INFERENCE_ENGINE_INTERNAL_CNNLAYER_CLASS'
#17 1.301    89 | class INFERENCE_ENGINE_INTERNAL_CNNLAYER_CLASS(CNNLayer) {
#17 1.301       |       ^~~~~~~~~~~~~~~~~~~~~~~~~~~~~~~~~~~~~~~~
#17 1.301 In file included from /work/stage/deployment_tools/inference_engine/include/ie_iextension.h:23,
#17 1.301                  from /work/stage/deployment_tools/inference_engine/include/ie_icnn_network.hpp:21,
#17 1.301                  from /work/stage/deployment_tools/inference_engine/include/ie_icnn_net_reader.h:19,
#17 1.301                  from /work/stage/deployment_tools/inference_engine/include/cpp/ie_cnn_network.h:12,
#17 1.301                  from /work/stage/deployment_tools/inference_engine/include/cpp/ie_cnn_net_reader.h:20,
#17 1.301                  from /work/stage/deployment_tools/inference_engine/include/inference_engine.hpp:13,
#17 1.301                  from /work/smoke/main.cpp:16:
#17 1.301 /work/stage/deployment_tools/inference_engine/include/ie_layers.h:1140:26: warning: 'WeightableLayer' is deprecated: Migrate to IR v10 and work with ngraph::Function directly. The method will be removed in 2021.1 [-Wdeprecated-declarations]
#17 1.301  1140 |     using WeightableLayer::WeightableLayer;
#17 1.301       |                          ^~
#17 1.301 In file included from /work/stage/deployment_tools/inference_engine/include/details/ie_exception.hpp:12,
#17 1.301                  from /work/stage/deployment_tools/inference_engine/include/ie_common.h:14,
#17 1.301                  from /work/stage/deployment_tools/inference_engine/include/details/ie_exception_conversion.hpp:11,
#17 1.301                  from /work/stage/deployment_tools/inference_engine/include/cpp/ie_cnn_net_reader.h:17,
#17 1.301                  from /work/stage/deployment_tools/inference_engine/include/inference_engine.hpp:13,
#17 1.301                  from /work/smoke/main.cpp:16:
#17 1.301 /work/stage/deployment_tools/inference_engine/include/ie_layers.h:388:48: note: declared here
#17 1.301   388 | class INFERENCE_ENGINE_INTERNAL_CNNLAYER_CLASS(WeightableLayer): public CNNLayer {
#17 1.301       |                                                ^~~~~~~~~~~~~~~
#17 1.301 /work/stage/deployment_tools/inference_engine/include/ie_api.h:36:80: note: in definition of macro 'INFERENCE_ENGINE_API_CLASS'
#17 1.301    36 | #define INFERENCE_ENGINE_API_CLASS(...) __attribute__((visibility("default"))) __VA_ARGS__
#17 1.301       |                                                                                ^~~~~~~~~~~
#17 1.301 /work/stage/deployment_tools/inference_engine/include/ie_layers.h:388:7: note: in expansion of macro 'INFERENCE_ENGINE_INTERNAL_CNNLAYER_CLASS'
#17 1.301   388 | class INFERENCE_ENGINE_INTERNAL_CNNLAYER_CLASS(WeightableLayer): public CNNLayer {
#17 1.301       |       ^~~~~~~~~~~~~~~~~~~~~~~~~~~~~~~~~~~~~~~~
#17 1.303 In file included from /work/stage/deployment_tools/inference_engine/include/ie_iextension.h:23,
#17 1.303                  from /work/stage/deployment_tools/inference_engine/include/ie_icnn_network.hpp:21,
#17 1.303                  from /work/stage/deployment_tools/inference_engine/include/ie_icnn_net_reader.h:19,
#17 1.303                  from /work/stage/deployment_tools/inference_engine/include/cpp/ie_cnn_network.h:12,
#17 1.303                  from /work/stage/deployment_tools/inference_engine/include/cpp/ie_cnn_net_reader.h:20,
#17 1.303                  from /work/stage/deployment_tools/inference_engine/include/inference_engine.hpp:13,
#17 1.303                  from /work/smoke/main.cpp:16:
#17 1.303 /work/stage/deployment_tools/inference_engine/include/ie_layers.h:1233:22: warning: 'RNNCellBase' is deprecated: Migrate to IR v10 and work with ngraph::Function directly. The method will be removed in 2021.1 [-Wdeprecated-declarations]
#17 1.303  1233 |     using RNNCellBase::RNNCellBase;
#17 1.303       |                      ^~
#17 1.304 In file included from /work/stage/deployment_tools/inference_engine/include/details/ie_exception.hpp:12,
#17 1.304                  from /work/stage/deployment_tools/inference_engine/include/ie_common.h:14,
#17 1.304                  from /work/stage/deployment_tools/inference_engine/include/details/ie_exception_conversion.hpp:11,
#17 1.304                  from /work/stage/deployment_tools/inference_engine/include/cpp/ie_cnn_net_reader.h:17,
#17 1.304                  from /work/stage/deployment_tools/inference_engine/include/inference_engine.hpp:13,
#17 1.304                  from /work/smoke/main.cpp:16:
#17 1.304 /work/stage/deployment_tools/inference_engine/include/ie_layers.h:1138:48: note: declared here
#17 1.304  1138 | class INFERENCE_ENGINE_INTERNAL_CNNLAYER_CLASS(RNNCellBase): public WeightableLayer {
#17 1.304       |                                                ^~~~~~~~~~~
#17 1.304 /work/stage/deployment_tools/inference_engine/include/ie_api.h:36:80: note: in definition of macro 'INFERENCE_ENGINE_API_CLASS'
#17 1.304    36 | #define INFERENCE_ENGINE_API_CLASS(...) __attribute__((visibility("default"))) __VA_ARGS__
#17 1.304       |                                                                                ^~~~~~~~~~~
#17 1.304 /work/stage/deployment_tools/inference_engine/include/ie_layers.h:1138:7: note: in expansion of macro 'INFERENCE_ENGINE_INTERNAL_CNNLAYER_CLASS'
#17 1.304  1138 | class INFERENCE_ENGINE_INTERNAL_CNNLAYER_CLASS(RNNCellBase): public WeightableLayer {
#17 1.304       |       ^~~~~~~~~~~~~~~~~~~~~~~~~~~~~~~~~~~~~~~~
#17 1.304 In file included from /work/stage/deployment_tools/inference_engine/include/ie_iextension.h:23,
#17 1.304                  from /work/stage/deployment_tools/inference_engine/include/ie_icnn_network.hpp:21,
#17 1.304                  from /work/stage/deployment_tools/inference_engine/include/ie_icnn_net_reader.h:19,
#17 1.304                  from /work/stage/deployment_tools/inference_engine/include/cpp/ie_cnn_network.h:12,
#17 1.304                  from /work/stage/deployment_tools/inference_engine/include/cpp/ie_cnn_net_reader.h:20,
#17 1.304                  from /work/stage/deployment_tools/inference_engine/include/inference_engine.hpp:13,
#17 1.304                  from /work/smoke/main.cpp:16:
#17 1.304 /work/stage/deployment_tools/inference_engine/include/ie_layers.h:1234:22: warning: 'RNNCellBase' is deprecated: Migrate to IR v10 and work with ngraph::Function directly. The method will be removed in 2021.1 [-Wdeprecated-declarations]
#17 1.304  1234 |     using RNNCellBase::operator=;
#17 1.304       |                      ^~
#17 1.304 In file included from /work/stage/deployment_tools/inference_engine/include/details/ie_exception.hpp:12,
#17 1.304                  from /work/stage/deployment_tools/inference_engine/include/ie_common.h:14,
#17 1.304                  from /work/stage/deployment_tools/inference_engine/include/details/ie_exception_conversion.hpp:11,
#17 1.304                  from /work/stage/deployment_tools/inference_engine/include/cpp/ie_cnn_net_reader.h:17,
#17 1.304                  from /work/stage/deployment_tools/inference_engine/include/inference_engine.hpp:13,
#17 1.304                  from /work/smoke/main.cpp:16:
#17 1.304 /work/stage/deployment_tools/inference_engine/include/ie_layers.h:1138:48: note: declared here
#17 1.304  1138 | class INFERENCE_ENGINE_INTERNAL_CNNLAYER_CLASS(RNNCellBase): public WeightableLayer {
#17 1.304       |                                                ^~~~~~~~~~~
#17 1.304 /work/stage/deployment_tools/inference_engine/include/ie_api.h:36:80: note: in definition of macro 'INFERENCE_ENGINE_API_CLASS'
#17 1.304    36 | #define INFERENCE_ENGINE_API_CLASS(...) __attribute__((visibility("default"))) __VA_ARGS__
#17 1.304       |                                                                                ^~~~~~~~~~~
#17 1.304 /work/stage/deployment_tools/inference_engine/include/ie_layers.h:1138:7: note: in expansion of macro 'INFERENCE_ENGINE_INTERNAL_CNNLAYER_CLASS'
#17 1.304  1138 | class INFERENCE_ENGINE_INTERNAL_CNNLAYER_CLASS(RNNCellBase): public WeightableLayer {
#17 1.304       |       ^~~~~~~~~~~~~~~~~~~~~~~~~~~~~~~~~~~~~~~~
#17 1.304 In file included from /work/stage/deployment_tools/inference_engine/include/ie_iextension.h:23,
#17 1.304                  from /work/stage/deployment_tools/inference_engine/include/ie_icnn_network.hpp:21,
#17 1.304                  from /work/stage/deployment_tools/inference_engine/include/ie_icnn_net_reader.h:19,
#17 1.304                  from /work/stage/deployment_tools/inference_engine/include/cpp/ie_cnn_network.h:12,
#17 1.304                  from /work/stage/deployment_tools/inference_engine/include/cpp/ie_cnn_net_reader.h:20,
#17 1.304                  from /work/stage/deployment_tools/inference_engine/include/inference_engine.hpp:13,
#17 1.304                  from /work/smoke/main.cpp:16:
#17 1.304 /work/stage/deployment_tools/inference_engine/include/ie_layers.h:1275:22: warning: 'RNNCellBase' is deprecated: Migrate to IR v10 and work with ngraph::Function directly. The method will be removed in 2021.1 [-Wdeprecated-declarations]
#17 1.304  1275 |     using RNNCellBase::RNNCellBase;
#17 1.304       |                      ^~
#17 1.304 In file included from /work/stage/deployment_tools/inference_engine/include/details/ie_exception.hpp:12,
#17 1.304                  from /work/stage/deployment_tools/inference_engine/include/ie_common.h:14,
#17 1.304                  from /work/stage/deployment_tools/inference_engine/include/details/ie_exception_conversion.hpp:11,
#17 1.304                  from /work/stage/deployment_tools/inference_engine/include/cpp/ie_cnn_net_reader.h:17,
#17 1.304                  from /work/stage/deployment_tools/inference_engine/include/inference_engine.hpp:13,
#17 1.304                  from /work/smoke/main.cpp:16:
#17 1.304 /work/stage/deployment_tools/inference_engine/include/ie_layers.h:1138:48: note: declared here
#17 1.304  1138 | class INFERENCE_ENGINE_INTERNAL_CNNLAYER_CLASS(RNNCellBase): public WeightableLayer {
#17 1.304       |                                                ^~~~~~~~~~~
#17 1.304 /work/stage/deployment_tools/inference_engine/include/ie_api.h:36:80: note: in definition of macro 'INFERENCE_ENGINE_API_CLASS'
#17 1.304    36 | #define INFERENCE_ENGINE_API_CLASS(...) __attribute__((visibility("default"))) __VA_ARGS__
#17 1.304       |                                                                                ^~~~~~~~~~~
#17 1.304 /work/stage/deployment_tools/inference_engine/include/ie_layers.h:1138:7: note: in expansion of macro 'INFERENCE_ENGINE_INTERNAL_CNNLAYER_CLASS'
#17 1.304  1138 | class INFERENCE_ENGINE_INTERNAL_CNNLAYER_CLASS(RNNCellBase): public WeightableLayer {
#17 1.304       |       ^~~~~~~~~~~~~~~~~~~~~~~~~~~~~~~~~~~~~~~~
#17 1.304 In file included from /work/stage/deployment_tools/inference_engine/include/ie_iextension.h:23,
#17 1.304                  from /work/stage/deployment_tools/inference_engine/include/ie_icnn_network.hpp:21,
#17 1.304                  from /work/stage/deployment_tools/inference_engine/include/ie_icnn_net_reader.h:19,
#17 1.304                  from /work/stage/deployment_tools/inference_engine/include/cpp/ie_cnn_network.h:12,
#17 1.304                  from /work/stage/deployment_tools/inference_engine/include/cpp/ie_cnn_net_reader.h:20,
#17 1.304                  from /work/stage/deployment_tools/inference_engine/include/inference_engine.hpp:13,
#17 1.304                  from /work/smoke/main.cpp:16:
#17 1.304 /work/stage/deployment_tools/inference_engine/include/ie_layers.h:1276:22: warning: 'RNNCellBase' is deprecated: Migrate to IR v10 and work with ngraph::Function directly. The method will be removed in 2021.1 [-Wdeprecated-declarations]
#17 1.304  1276 |     using RNNCellBase::operator=;
#17 1.304       |                      ^~
#17 1.304 In file included from /work/stage/deployment_tools/inference_engine/include/details/ie_exception.hpp:12,
#17 1.304                  from /work/stage/deployment_tools/inference_engine/include/ie_common.h:14,
#17 1.304                  from /work/stage/deployment_tools/inference_engine/include/details/ie_exception_conversion.hpp:11,
#17 1.304                  from /work/stage/deployment_tools/inference_engine/include/cpp/ie_cnn_net_reader.h:17,
#17 1.304                  from /work/stage/deployment_tools/inference_engine/include/inference_engine.hpp:13,
#17 1.304                  from /work/smoke/main.cpp:16:
#17 1.304 /work/stage/deployment_tools/inference_engine/include/ie_layers.h:1138:48: note: declared here
#17 1.304  1138 | class INFERENCE_ENGINE_INTERNAL_CNNLAYER_CLASS(RNNCellBase): public WeightableLayer {
#17 1.304       |                                                ^~~~~~~~~~~
#17 1.304 /work/stage/deployment_tools/inference_engine/include/ie_api.h:36:80: note: in definition of macro 'INFERENCE_ENGINE_API_CLASS'
#17 1.304    36 | #define INFERENCE_ENGINE_API_CLASS(...) __attribute__((visibility("default"))) __VA_ARGS__
#17 1.304       |                                                                                ^~~~~~~~~~~
#17 1.304 /work/stage/deployment_tools/inference_engine/include/ie_layers.h:1138:7: note: in expansion of macro 'INFERENCE_ENGINE_INTERNAL_CNNLAYER_CLASS'
#17 1.304  1138 | class INFERENCE_ENGINE_INTERNAL_CNNLAYER_CLASS(RNNCellBase): public WeightableLayer {
#17 1.304       |       ^~~~~~~~~~~~~~~~~~~~~~~~~~~~~~~~~~~~~~~~
#17 1.304 In file included from /work/stage/deployment_tools/inference_engine/include/ie_iextension.h:23,
#17 1.304                  from /work/stage/deployment_tools/inference_engine/include/ie_icnn_network.hpp:21,
#17 1.304                  from /work/stage/deployment_tools/inference_engine/include/ie_icnn_net_reader.h:19,
#17 1.304                  from /work/stage/deployment_tools/inference_engine/include/cpp/ie_cnn_network.h:12,
#17 1.304                  from /work/stage/deployment_tools/inference_engine/include/cpp/ie_cnn_net_reader.h:20,
#17 1.304                  from /work/stage/deployment_tools/inference_engine/include/inference_engine.hpp:13,
#17 1.304                  from /work/smoke/main.cpp:16:
#17 1.304 /work/stage/deployment_tools/inference_engine/include/ie_layers.h:1312:22: warning: 'RNNCellBase' is deprecated: Migrate to IR v10 and work with ngraph::Function directly. The method will be removed in 2021.1 [-Wdeprecated-declarations]
#17 1.304  1312 |     using RNNCellBase::RNNCellBase;
#17 1.304       |                      ^~
#17 1.304 In file included from /work/stage/deployment_tools/inference_engine/include/details/ie_exception.hpp:12,
#17 1.304                  from /work/stage/deployment_tools/inference_engine/include/ie_common.h:14,
#17 1.304                  from /work/stage/deployment_tools/inference_engine/include/details/ie_exception_conversion.hpp:11,
#17 1.304                  from /work/stage/deployment_tools/inference_engine/include/cpp/ie_cnn_net_reader.h:17,
#17 1.304                  from /work/stage/deployment_tools/inference_engine/include/inference_engine.hpp:13,
#17 1.304                  from /work/smoke/main.cpp:16:
#17 1.304 /work/stage/deployment_tools/inference_engine/include/ie_layers.h:1138:48: note: declared here
#17 1.304  1138 | class INFERENCE_ENGINE_INTERNAL_CNNLAYER_CLASS(RNNCellBase): public WeightableLayer {
#17 1.304       |                                                ^~~~~~~~~~~
#17 1.304 /work/stage/deployment_tools/inference_engine/include/ie_api.h:36:80: note: in definition of macro 'INFERENCE_ENGINE_API_CLASS'
#17 1.304    36 | #define INFERENCE_ENGINE_API_CLASS(...) __attribute__((visibility("default"))) __VA_ARGS__
#17 1.304       |                                                                                ^~~~~~~~~~~
#17 1.304 /work/stage/deployment_tools/inference_engine/include/ie_layers.h:1138:7: note: in expansion of macro 'INFERENCE_ENGINE_INTERNAL_CNNLAYER_CLASS'
#17 1.304  1138 | class INFERENCE_ENGINE_INTERNAL_CNNLAYER_CLASS(RNNCellBase): public WeightableLayer {
#17 1.304       |       ^~~~~~~~~~~~~~~~~~~~~~~~~~~~~~~~~~~~~~~~
#17 1.304 In file included from /work/stage/deployment_tools/inference_engine/include/ie_iextension.h:23,
#17 1.304                  from /work/stage/deployment_tools/inference_engine/include/ie_icnn_network.hpp:21,
#17 1.304                  from /work/stage/deployment_tools/inference_engine/include/ie_icnn_net_reader.h:19,
#17 1.304                  from /work/stage/deployment_tools/inference_engine/include/cpp/ie_cnn_network.h:12,
#17 1.304                  from /work/stage/deployment_tools/inference_engine/include/cpp/ie_cnn_net_reader.h:20,
#17 1.304                  from /work/stage/deployment_tools/inference_engine/include/inference_engine.hpp:13,
#17 1.304                  from /work/smoke/main.cpp:16:
#17 1.304 /work/stage/deployment_tools/inference_engine/include/ie_layers.h:1313:22: warning: 'RNNCellBase' is deprecated: Migrate to IR v10 and work with ngraph::Function directly. The method will be removed in 2021.1 [-Wdeprecated-declarations]
#17 1.304  1313 |     using RNNCellBase::operator=;
#17 1.304       |                      ^~
#17 1.304 In file included from /work/stage/deployment_tools/inference_engine/include/details/ie_exception.hpp:12,
#17 1.304                  from /work/stage/deployment_tools/inference_engine/include/ie_common.h:14,
#17 1.304                  from /work/stage/deployment_tools/inference_engine/include/details/ie_exception_conversion.hpp:11,
#17 1.304                  from /work/stage/deployment_tools/inference_engine/include/cpp/ie_cnn_net_reader.h:17,
#17 1.304                  from /work/stage/deployment_tools/inference_engine/include/inference_engine.hpp:13,
#17 1.304                  from /work/smoke/main.cpp:16:
#17 1.304 /work/stage/deployment_tools/inference_engine/include/ie_layers.h:1138:48: note: declared here
#17 1.304  1138 | class INFERENCE_ENGINE_INTERNAL_CNNLAYER_CLASS(RNNCellBase): public WeightableLayer {
#17 1.304       |                                                ^~~~~~~~~~~
#17 1.304 /work/stage/deployment_tools/inference_engine/include/ie_api.h:36:80: note: in definition of macro 'INFERENCE_ENGINE_API_CLASS'
#17 1.304    36 | #define INFERENCE_ENGINE_API_CLASS(...) __attribute__((visibility("default"))) __VA_ARGS__
#17 1.304       |                                                                                ^~~~~~~~~~~
#17 1.304 /work/stage/deployment_tools/inference_engine/include/ie_layers.h:1138:7: note: in expansion of macro 'INFERENCE_ENGINE_INTERNAL_CNNLAYER_CLASS'
#17 1.304  1138 | class INFERENCE_ENGINE_INTERNAL_CNNLAYER_CLASS(RNNCellBase): public WeightableLayer {
#17 1.304       |       ^~~~~~~~~~~~~~~~~~~~~~~~~~~~~~~~~~~~~~~~
#17 1.305 In file included from /work/stage/deployment_tools/inference_engine/include/ie_iextension.h:23,
#17 1.305                  from /work/stage/deployment_tools/inference_engine/include/ie_icnn_network.hpp:21,
#17 1.305                  from /work/stage/deployment_tools/inference_engine/include/ie_icnn_net_reader.h:19,
#17 1.305                  from /work/stage/deployment_tools/inference_engine/include/cpp/ie_cnn_network.h:12,
#17 1.305                  from /work/stage/deployment_tools/inference_engine/include/cpp/ie_cnn_net_reader.h:20,
#17 1.305                  from /work/stage/deployment_tools/inference_engine/include/inference_engine.hpp:13,
#17 1.305                  from /work/smoke/main.cpp:16:
#17 1.305 /work/stage/deployment_tools/inference_engine/include/ie_layers.h:1349:22: warning: 'RNNCellBase' is deprecated: Migrate to IR v10 and work with ngraph::Function directly. The method will be removed in 2021.1 [-Wdeprecated-declarations]
#17 1.305  1349 |     using RNNCellBase::RNNCellBase;
#17 1.305       |                      ^~
#17 1.305 In file included from /work/stage/deployment_tools/inference_engine/include/details/ie_exception.hpp:12,
#17 1.305                  from /work/stage/deployment_tools/inference_engine/include/ie_common.h:14,
#17 1.305                  from /work/stage/deployment_tools/inference_engine/include/details/ie_exception_conversion.hpp:11,
#17 1.305                  from /work/stage/deployment_tools/inference_engine/include/cpp/ie_cnn_net_reader.h:17,
#17 1.305                  from /work/stage/deployment_tools/inference_engine/include/inference_engine.hpp:13,
#17 1.305                  from /work/smoke/main.cpp:16:
#17 1.305 /work/stage/deployment_tools/inference_engine/include/ie_layers.h:1138:48: note: declared here
#17 1.305  1138 | class INFERENCE_ENGINE_INTERNAL_CNNLAYER_CLASS(RNNCellBase): public WeightableLayer {
#17 1.305       |                                                ^~~~~~~~~~~
#17 1.305 /work/stage/deployment_tools/inference_engine/include/ie_api.h:36:80: note: in definition of macro 'INFERENCE_ENGINE_API_CLASS'
#17 1.305    36 | #define INFERENCE_ENGINE_API_CLASS(...) __attribute__((visibility("default"))) __VA_ARGS__
#17 1.305       |                                                                                ^~~~~~~~~~~
#17 1.305 /work/stage/deployment_tools/inference_engine/include/ie_layers.h:1138:7: note: in expansion of macro 'INFERENCE_ENGINE_INTERNAL_CNNLAYER_CLASS'
#17 1.305  1138 | class INFERENCE_ENGINE_INTERNAL_CNNLAYER_CLASS(RNNCellBase): public WeightableLayer {
#17 1.305       |       ^~~~~~~~~~~~~~~~~~~~~~~~~~~~~~~~~~~~~~~~
#17 1.305 In file included from /work/stage/deployment_tools/inference_engine/include/ie_iextension.h:23,
#17 1.305                  from /work/stage/deployment_tools/inference_engine/include/ie_icnn_network.hpp:21,
#17 1.305                  from /work/stage/deployment_tools/inference_engine/include/ie_icnn_net_reader.h:19,
#17 1.305                  from /work/stage/deployment_tools/inference_engine/include/cpp/ie_cnn_network.h:12,
#17 1.305                  from /work/stage/deployment_tools/inference_engine/include/cpp/ie_cnn_net_reader.h:20,
#17 1.305                  from /work/stage/deployment_tools/inference_engine/include/inference_engine.hpp:13,
#17 1.305                  from /work/smoke/main.cpp:16:
#17 1.305 /work/stage/deployment_tools/inference_engine/include/ie_layers.h:1392:26: warning: 'WeightableLayer' is deprecated: Migrate to IR v10 and work with ngraph::Function directly. The method will be removed in 2021.1 [-Wdeprecated-declarations]
#17 1.305  1392 |     using WeightableLayer::WeightableLayer;
#17 1.305       |                          ^~
#17 1.305 In file included from /work/stage/deployment_tools/inference_engine/include/details/ie_exception.hpp:12,
#17 1.305                  from /work/stage/deployment_tools/inference_engine/include/ie_common.h:14,
#17 1.305                  from /work/stage/deployment_tools/inference_engine/include/details/ie_exception_conversion.hpp:11,
#17 1.305                  from /work/stage/deployment_tools/inference_engine/include/cpp/ie_cnn_net_reader.h:17,
#17 1.305                  from /work/stage/deployment_tools/inference_engine/include/inference_engine.hpp:13,
#17 1.305                  from /work/smoke/main.cpp:16:
#17 1.305 /work/stage/deployment_tools/inference_engine/include/ie_layers.h:388:48: note: declared here
#17 1.305   388 | class INFERENCE_ENGINE_INTERNAL_CNNLAYER_CLASS(WeightableLayer): public CNNLayer {
#17 1.305       |                                                ^~~~~~~~~~~~~~~
#17 1.305 /work/stage/deployment_tools/inference_engine/include/ie_api.h:36:80: note: in definition of macro 'INFERENCE_ENGINE_API_CLASS'
#17 1.305    36 | #define INFERENCE_ENGINE_API_CLASS(...) __attribute__((visibility("default"))) __VA_ARGS__
#17 1.305       |                                                                                ^~~~~~~~~~~
#17 1.305 /work/stage/deployment_tools/inference_engine/include/ie_layers.h:388:7: note: in expansion of macro 'INFERENCE_ENGINE_INTERNAL_CNNLAYER_CLASS'
#17 1.305   388 | class INFERENCE_ENGINE_INTERNAL_CNNLAYER_CLASS(WeightableLayer): public CNNLayer {
#17 1.305       |       ^~~~~~~~~~~~~~~~~~~~~~~~~~~~~~~~~~~~~~~~
#17 1.305 In file included from /work/stage/deployment_tools/inference_engine/include/ie_iextension.h:23,
#17 1.305                  from /work/stage/deployment_tools/inference_engine/include/ie_icnn_network.hpp:21,
#17 1.305                  from /work/stage/deployment_tools/inference_engine/include/ie_icnn_net_reader.h:19,
#17 1.305                  from /work/stage/deployment_tools/inference_engine/include/cpp/ie_cnn_network.h:12,
#17 1.305                  from /work/stage/deployment_tools/inference_engine/include/cpp/ie_cnn_net_reader.h:20,
#17 1.305                  from /work/stage/deployment_tools/inference_engine/include/inference_engine.hpp:13,
#17 1.305                  from /work/smoke/main.cpp:16:
#17 1.305 /work/stage/deployment_tools/inference_engine/include/ie_layers.h:1421:19: warning: 'CNNLayer' is deprecated: Migrate to IR v10 and work with ngraph::Function directly. The method will be removed in 2021.1 [-Wdeprecated-declarations]
#17 1.305  1421 |     using CNNLayer::CNNLayer;
#17 1.305       |                   ^~
#17 1.305 In file included from /work/stage/deployment_tools/inference_engine/include/details/ie_exception.hpp:12,
#17 1.305                  from /work/stage/deployment_tools/inference_engine/include/ie_common.h:14,
#17 1.305                  from /work/stage/deployment_tools/inference_engine/include/details/ie_exception_conversion.hpp:11,
#17 1.305                  from /work/stage/deployment_tools/inference_engine/include/cpp/ie_cnn_net_reader.h:17,
#17 1.305                  from /work/stage/deployment_tools/inference_engine/include/inference_engine.hpp:13,
#17 1.305                  from /work/smoke/main.cpp:16:
#17 1.305 /work/stage/deployment_tools/inference_engine/include/ie_layers.h:89:48: note: declared here
#17 1.305    89 | class INFERENCE_ENGINE_INTERNAL_CNNLAYER_CLASS(CNNLayer) {
#17 1.305       |                                                ^~~~~~~~
#17 1.305 /work/stage/deployment_tools/inference_engine/include/ie_api.h:36:80: note: in definition of macro 'INFERENCE_ENGINE_API_CLASS'
#17 1.305    36 | #define INFERENCE_ENGINE_API_CLASS(...) __attribute__((visibility("default"))) __VA_ARGS__
#17 1.305       |                                                                                ^~~~~~~~~~~
#17 1.305 /work/stage/deployment_tools/inference_engine/include/ie_layers.h:89:7: note: in expansion of macro 'INFERENCE_ENGINE_INTERNAL_CNNLAYER_CLASS'
#17 1.305    89 | class INFERENCE_ENGINE_INTERNAL_CNNLAYER_CLASS(CNNLayer) {
#17 1.305       |       ^~~~~~~~~~~~~~~~~~~~~~~~~~~~~~~~~~~~~~~~
#17 1.306 In file included from /work/stage/deployment_tools/inference_engine/include/ie_iextension.h:23,
#17 1.306                  from /work/stage/deployment_tools/inference_engine/include/ie_icnn_network.hpp:21,
#17 1.306                  from /work/stage/deployment_tools/inference_engine/include/ie_icnn_net_reader.h:19,
#17 1.306                  from /work/stage/deployment_tools/inference_engine/include/cpp/ie_cnn_network.h:12,
#17 1.306                  from /work/stage/deployment_tools/inference_engine/include/cpp/ie_cnn_net_reader.h:20,
#17 1.306                  from /work/stage/deployment_tools/inference_engine/include/inference_engine.hpp:13,
#17 1.306                  from /work/smoke/main.cpp:16:
#17 1.306 /work/stage/deployment_tools/inference_engine/include/ie_layers.h:1440:26: warning: 'WeightableLayer' is deprecated: Migrate to IR v10 and work with ngraph::Function directly. The method will be removed in 2021.1 [-Wdeprecated-declarations]
#17 1.306  1440 |     using WeightableLayer::WeightableLayer;
#17 1.306       |                          ^~
#17 1.306 In file included from /work/stage/deployment_tools/inference_engine/include/details/ie_exception.hpp:12,
#17 1.306                  from /work/stage/deployment_tools/inference_engine/include/ie_common.h:14,
#17 1.306                  from /work/stage/deployment_tools/inference_engine/include/details/ie_exception_conversion.hpp:11,
#17 1.306                  from /work/stage/deployment_tools/inference_engine/include/cpp/ie_cnn_net_reader.h:17,
#17 1.306                  from /work/stage/deployment_tools/inference_engine/include/inference_engine.hpp:13,
#17 1.306                  from /work/smoke/main.cpp:16:
#17 1.306 /work/stage/deployment_tools/inference_engine/include/ie_layers.h:388:48: note: declared here
#17 1.306   388 | class INFERENCE_ENGINE_INTERNAL_CNNLAYER_CLASS(WeightableLayer): public CNNLayer {
#17 1.306       |                                                ^~~~~~~~~~~~~~~
#17 1.306 /work/stage/deployment_tools/inference_engine/include/ie_api.h:36:80: note: in definition of macro 'INFERENCE_ENGINE_API_CLASS'
#17 1.306    36 | #define INFERENCE_ENGINE_API_CLASS(...) __attribute__((visibility("default"))) __VA_ARGS__
#17 1.306       |                                                                                ^~~~~~~~~~~
#17 1.306 /work/stage/deployment_tools/inference_engine/include/ie_layers.h:388:7: note: in expansion of macro 'INFERENCE_ENGINE_INTERNAL_CNNLAYER_CLASS'
#17 1.306   388 | class INFERENCE_ENGINE_INTERNAL_CNNLAYER_CLASS(WeightableLayer): public CNNLayer {
#17 1.306       |       ^~~~~~~~~~~~~~~~~~~~~~~~~~~~~~~~~~~~~~~~
#17 1.306 In file included from /work/stage/deployment_tools/inference_engine/include/ie_iextension.h:23,
#17 1.306                  from /work/stage/deployment_tools/inference_engine/include/ie_icnn_network.hpp:21,
#17 1.306                  from /work/stage/deployment_tools/inference_engine/include/ie_icnn_net_reader.h:19,
#17 1.306                  from /work/stage/deployment_tools/inference_engine/include/cpp/ie_cnn_network.h:12,
#17 1.306                  from /work/stage/deployment_tools/inference_engine/include/cpp/ie_cnn_net_reader.h:20,
#17 1.306                  from /work/stage/deployment_tools/inference_engine/include/inference_engine.hpp:13,
#17 1.306                  from /work/smoke/main.cpp:16:
#17 1.306 /work/stage/deployment_tools/inference_engine/include/ie_layers.h:1472:19: warning: 'CNNLayer' is deprecated: Migrate to IR v10 and work with ngraph::Function directly. The method will be removed in 2021.1 [-Wdeprecated-declarations]
#17 1.306  1472 |     using CNNLayer::CNNLayer;
#17 1.306       |                   ^~
#17 1.306 In file included from /work/stage/deployment_tools/inference_engine/include/details/ie_exception.hpp:12,
#17 1.306                  from /work/stage/deployment_tools/inference_engine/include/ie_common.h:14,
#17 1.306                  from /work/stage/deployment_tools/inference_engine/include/details/ie_exception_conversion.hpp:11,
#17 1.306                  from /work/stage/deployment_tools/inference_engine/include/cpp/ie_cnn_net_reader.h:17,
#17 1.306                  from /work/stage/deployment_tools/inference_engine/include/inference_engine.hpp:13,
#17 1.306                  from /work/smoke/main.cpp:16:
#17 1.306 /work/stage/deployment_tools/inference_engine/include/ie_layers.h:89:48: note: declared here
#17 1.306    89 | class INFERENCE_ENGINE_INTERNAL_CNNLAYER_CLASS(CNNLayer) {
#17 1.306       |                                                ^~~~~~~~
#17 1.306 /work/stage/deployment_tools/inference_engine/include/ie_api.h:36:80: note: in definition of macro 'INFERENCE_ENGINE_API_CLASS'
#17 1.306    36 | #define INFERENCE_ENGINE_API_CLASS(...) __attribute__((visibility("default"))) __VA_ARGS__
#17 1.306       |                                                                                ^~~~~~~~~~~
#17 1.306 /work/stage/deployment_tools/inference_engine/include/ie_layers.h:89:7: note: in expansion of macro 'INFERENCE_ENGINE_INTERNAL_CNNLAYER_CLASS'
#17 1.306    89 | class INFERENCE_ENGINE_INTERNAL_CNNLAYER_CLASS(CNNLayer) {
#17 1.306       |       ^~~~~~~~~~~~~~~~~~~~~~~~~~~~~~~~~~~~~~~~
#17 1.306 In file included from /work/stage/deployment_tools/inference_engine/include/ie_iextension.h:23,
#17 1.306                  from /work/stage/deployment_tools/inference_engine/include/ie_icnn_network.hpp:21,
#17 1.306                  from /work/stage/deployment_tools/inference_engine/include/ie_icnn_net_reader.h:19,
#17 1.306                  from /work/stage/deployment_tools/inference_engine/include/cpp/ie_cnn_network.h:12,
#17 1.306                  from /work/stage/deployment_tools/inference_engine/include/cpp/ie_cnn_net_reader.h:20,
#17 1.306                  from /work/stage/deployment_tools/inference_engine/include/inference_engine.hpp:13,
#17 1.306                  from /work/smoke/main.cpp:16:
#17 1.306 /work/stage/deployment_tools/inference_engine/include/ie_layers.h:1510:19: warning: 'CNNLayer' is deprecated: Migrate to IR v10 and work with ngraph::Function directly. The method will be removed in 2021.1 [-Wdeprecated-declarations]
#17 1.306  1510 |     using CNNLayer::CNNLayer;
#17 1.306       |                   ^~
#17 1.306 In file included from /work/stage/deployment_tools/inference_engine/include/details/ie_exception.hpp:12,
#17 1.306                  from /work/stage/deployment_tools/inference_engine/include/ie_common.h:14,
#17 1.306                  from /work/stage/deployment_tools/inference_engine/include/details/ie_exception_conversion.hpp:11,
#17 1.306                  from /work/stage/deployment_tools/inference_engine/include/cpp/ie_cnn_net_reader.h:17,
#17 1.306                  from /work/stage/deployment_tools/inference_engine/include/inference_engine.hpp:13,
#17 1.306                  from /work/smoke/main.cpp:16:
#17 1.306 /work/stage/deployment_tools/inference_engine/include/ie_layers.h:89:48: note: declared here
#17 1.306    89 | class INFERENCE_ENGINE_INTERNAL_CNNLAYER_CLASS(CNNLayer) {
#17 1.306       |                                                ^~~~~~~~
#17 1.306 /work/stage/deployment_tools/inference_engine/include/ie_api.h:36:80: note: in definition of macro 'INFERENCE_ENGINE_API_CLASS'
#17 1.306    36 | #define INFERENCE_ENGINE_API_CLASS(...) __attribute__((visibility("default"))) __VA_ARGS__
#17 1.306       |                                                                                ^~~~~~~~~~~
#17 1.306 /work/stage/deployment_tools/inference_engine/include/ie_layers.h:89:7: note: in expansion of macro 'INFERENCE_ENGINE_INTERNAL_CNNLAYER_CLASS'
#17 1.306    89 | class INFERENCE_ENGINE_INTERNAL_CNNLAYER_CLASS(CNNLayer) {
#17 1.306       |       ^~~~~~~~~~~~~~~~~~~~~~~~~~~~~~~~~~~~~~~~
#17 1.307 In file included from /work/stage/deployment_tools/inference_engine/include/ie_iextension.h:23,
#17 1.307                  from /work/stage/deployment_tools/inference_engine/include/ie_icnn_network.hpp:21,
#17 1.307                  from /work/stage/deployment_tools/inference_engine/include/ie_icnn_net_reader.h:19,
#17 1.307                  from /work/stage/deployment_tools/inference_engine/include/cpp/ie_cnn_network.h:12,
#17 1.307                  from /work/stage/deployment_tools/inference_engine/include/cpp/ie_cnn_net_reader.h:20,
#17 1.307                  from /work/stage/deployment_tools/inference_engine/include/inference_engine.hpp:13,
#17 1.307                  from /work/smoke/main.cpp:16:
#17 1.307 /work/stage/deployment_tools/inference_engine/include/ie_layers.h:1530:19: warning: 'CNNLayer' is deprecated: Migrate to IR v10 and work with ngraph::Function directly. The method will be removed in 2021.1 [-Wdeprecated-declarations]
#17 1.307  1530 |     using CNNLayer::CNNLayer;
#17 1.307       |                   ^~
#17 1.307 In file included from /work/stage/deployment_tools/inference_engine/include/details/ie_exception.hpp:12,
#17 1.307                  from /work/stage/deployment_tools/inference_engine/include/ie_common.h:14,
#17 1.307                  from /work/stage/deployment_tools/inference_engine/include/details/ie_exception_conversion.hpp:11,
#17 1.307                  from /work/stage/deployment_tools/inference_engine/include/cpp/ie_cnn_net_reader.h:17,
#17 1.307                  from /work/stage/deployment_tools/inference_engine/include/inference_engine.hpp:13,
#17 1.307                  from /work/smoke/main.cpp:16:
#17 1.307 /work/stage/deployment_tools/inference_engine/include/ie_layers.h:89:48: note: declared here
#17 1.307    89 | class INFERENCE_ENGINE_INTERNAL_CNNLAYER_CLASS(CNNLayer) {
#17 1.307       |                                                ^~~~~~~~
#17 1.307 /work/stage/deployment_tools/inference_engine/include/ie_api.h:36:80: note: in definition of macro 'INFERENCE_ENGINE_API_CLASS'
#17 1.307    36 | #define INFERENCE_ENGINE_API_CLASS(...) __attribute__((visibility("default"))) __VA_ARGS__
#17 1.307       |                                                                                ^~~~~~~~~~~
#17 1.307 /work/stage/deployment_tools/inference_engine/include/ie_layers.h:89:7: note: in expansion of macro 'INFERENCE_ENGINE_INTERNAL_CNNLAYER_CLASS'
#17 1.307    89 | class INFERENCE_ENGINE_INTERNAL_CNNLAYER_CLASS(CNNLayer) {
#17 1.307       |       ^~~~~~~~~~~~~~~~~~~~~~~~~~~~~~~~~~~~~~~~
#17 1.307 In file included from /work/stage/deployment_tools/inference_engine/include/ie_iextension.h:23,
#17 1.307                  from /work/stage/deployment_tools/inference_engine/include/ie_icnn_network.hpp:21,
#17 1.307                  from /work/stage/deployment_tools/inference_engine/include/ie_icnn_net_reader.h:19,
#17 1.307                  from /work/stage/deployment_tools/inference_engine/include/cpp/ie_cnn_network.h:12,
#17 1.307                  from /work/stage/deployment_tools/inference_engine/include/cpp/ie_cnn_net_reader.h:20,
#17 1.307                  from /work/stage/deployment_tools/inference_engine/include/inference_engine.hpp:13,
#17 1.307                  from /work/smoke/main.cpp:16:
#17 1.307 /work/stage/deployment_tools/inference_engine/include/ie_layers.h:1571:19: warning: 'CNNLayer' is deprecated: Migrate to IR v10 and work with ngraph::Function directly. The method will be removed in 2021.1 [-Wdeprecated-declarations]
#17 1.307  1571 |     using CNNLayer::CNNLayer;
#17 1.307       |                   ^~
#17 1.307 In file included from /work/stage/deployment_tools/inference_engine/include/details/ie_exception.hpp:12,
#17 1.307                  from /work/stage/deployment_tools/inference_engine/include/ie_common.h:14,
#17 1.307                  from /work/stage/deployment_tools/inference_engine/include/details/ie_exception_conversion.hpp:11,
#17 1.307                  from /work/stage/deployment_tools/inference_engine/include/cpp/ie_cnn_net_reader.h:17,
#17 1.307                  from /work/stage/deployment_tools/inference_engine/include/inference_engine.hpp:13,
#17 1.307                  from /work/smoke/main.cpp:16:
#17 1.307 /work/stage/deployment_tools/inference_engine/include/ie_layers.h:89:48: note: declared here
#17 1.307    89 | class INFERENCE_ENGINE_INTERNAL_CNNLAYER_CLASS(CNNLayer) {
#17 1.307       |                                                ^~~~~~~~
#17 1.307 /work/stage/deployment_tools/inference_engine/include/ie_api.h:36:80: note: in definition of macro 'INFERENCE_ENGINE_API_CLASS'
#17 1.307    36 | #define INFERENCE_ENGINE_API_CLASS(...) __attribute__((visibility("default"))) __VA_ARGS__
#17 1.307       |                                                                                ^~~~~~~~~~~
#17 1.307 /work/stage/deployment_tools/inference_engine/include/ie_layers.h:89:7: note: in expansion of macro 'INFERENCE_ENGINE_INTERNAL_CNNLAYER_CLASS'
#17 1.307    89 | class INFERENCE_ENGINE_INTERNAL_CNNLAYER_CLASS(CNNLayer) {
#17 1.307       |       ^~~~~~~~~~~~~~~~~~~~~~~~~~~~~~~~~~~~~~~~
#17 1.307 In file included from /work/stage/deployment_tools/inference_engine/include/ie_iextension.h:23,
#17 1.307                  from /work/stage/deployment_tools/inference_engine/include/ie_icnn_network.hpp:21,
#17 1.307                  from /work/stage/deployment_tools/inference_engine/include/ie_icnn_net_reader.h:19,
#17 1.307                  from /work/stage/deployment_tools/inference_engine/include/cpp/ie_cnn_network.h:12,
#17 1.307                  from /work/stage/deployment_tools/inference_engine/include/cpp/ie_cnn_net_reader.h:20,
#17 1.307                  from /work/stage/deployment_tools/inference_engine/include/inference_engine.hpp:13,
#17 1.307                  from /work/smoke/main.cpp:16:
#17 1.307 /work/stage/deployment_tools/inference_engine/include/ie_layers.h:1596:19: warning: 'CNNLayer' is deprecated: Migrate to IR v10 and work with ngraph::Function directly. The method will be removed in 2021.1 [-Wdeprecated-declarations]
#17 1.307  1596 |     using CNNLayer::CNNLayer;
#17 1.307       |                   ^~
#17 1.307 In file included from /work/stage/deployment_tools/inference_engine/include/details/ie_exception.hpp:12,
#17 1.307                  from /work/stage/deployment_tools/inference_engine/include/ie_common.h:14,
#17 1.307                  from /work/stage/deployment_tools/inference_engine/include/details/ie_exception_conversion.hpp:11,
#17 1.307                  from /work/stage/deployment_tools/inference_engine/include/cpp/ie_cnn_net_reader.h:17,
#17 1.307                  from /work/stage/deployment_tools/inference_engine/include/inference_engine.hpp:13,
#17 1.307                  from /work/smoke/main.cpp:16:
#17 1.307 /work/stage/deployment_tools/inference_engine/include/ie_layers.h:89:48: note: declared here
#17 1.307    89 | class INFERENCE_ENGINE_INTERNAL_CNNLAYER_CLASS(CNNLayer) {
#17 1.307       |                                                ^~~~~~~~
#17 1.307 /work/stage/deployment_tools/inference_engine/include/ie_api.h:36:80: note: in definition of macro 'INFERENCE_ENGINE_API_CLASS'
#17 1.307    36 | #define INFERENCE_ENGINE_API_CLASS(...) __attribute__((visibility("default"))) __VA_ARGS__
#17 1.307       |                                                                                ^~~~~~~~~~~
#17 1.307 /work/stage/deployment_tools/inference_engine/include/ie_layers.h:89:7: note: in expansion of macro 'INFERENCE_ENGINE_INTERNAL_CNNLAYER_CLASS'
#17 1.307    89 | class INFERENCE_ENGINE_INTERNAL_CNNLAYER_CLASS(CNNLayer) {
#17 1.307       |       ^~~~~~~~~~~~~~~~~~~~~~~~~~~~~~~~~~~~~~~~
#17 1.307 In file included from /work/stage/deployment_tools/inference_engine/include/ie_iextension.h:23,
#17 1.307                  from /work/stage/deployment_tools/inference_engine/include/ie_icnn_network.hpp:21,
#17 1.307                  from /work/stage/deployment_tools/inference_engine/include/ie_icnn_net_reader.h:19,
#17 1.307                  from /work/stage/deployment_tools/inference_engine/include/cpp/ie_cnn_network.h:12,
#17 1.307                  from /work/stage/deployment_tools/inference_engine/include/cpp/ie_cnn_net_reader.h:20,
#17 1.307                  from /work/stage/deployment_tools/inference_engine/include/inference_engine.hpp:13,
#17 1.307                  from /work/smoke/main.cpp:16:
#17 1.307 /work/stage/deployment_tools/inference_engine/include/ie_layers.h:1616:19: warning: 'CNNLayer' is deprecated: Migrate to IR v10 and work with ngraph::Function directly. The method will be removed in 2021.1 [-Wdeprecated-declarations]
#17 1.307  1616 |     using CNNLayer::CNNLayer;
#17 1.307       |                   ^~
#17 1.307 In file included from /work/stage/deployment_tools/inference_engine/include/details/ie_exception.hpp:12,
#17 1.307                  from /work/stage/deployment_tools/inference_engine/include/ie_common.h:14,
#17 1.307                  from /work/stage/deployment_tools/inference_engine/include/details/ie_exception_conversion.hpp:11,
#17 1.307                  from /work/stage/deployment_tools/inference_engine/include/cpp/ie_cnn_net_reader.h:17,
#17 1.307                  from /work/stage/deployment_tools/inference_engine/include/inference_engine.hpp:13,
#17 1.307                  from /work/smoke/main.cpp:16:
#17 1.307 /work/stage/deployment_tools/inference_engine/include/ie_layers.h:89:48: note: declared here
#17 1.307    89 | class INFERENCE_ENGINE_INTERNAL_CNNLAYER_CLASS(CNNLayer) {
#17 1.307       |                                                ^~~~~~~~
#17 1.307 /work/stage/deployment_tools/inference_engine/include/ie_api.h:36:80: note: in definition of macro 'INFERENCE_ENGINE_API_CLASS'
#17 1.307    36 | #define INFERENCE_ENGINE_API_CLASS(...) __attribute__((visibility("default"))) __VA_ARGS__
#17 1.307       |                                                                                ^~~~~~~~~~~
#17 1.307 /work/stage/deployment_tools/inference_engine/include/ie_layers.h:89:7: note: in expansion of macro 'INFERENCE_ENGINE_INTERNAL_CNNLAYER_CLASS'
#17 1.307    89 | class INFERENCE_ENGINE_INTERNAL_CNNLAYER_CLASS(CNNLayer) {
#17 1.307       |       ^~~~~~~~~~~~~~~~~~~~~~~~~~~~~~~~~~~~~~~~
#17 1.308 In file included from /work/stage/deployment_tools/inference_engine/include/ie_iextension.h:23,
#17 1.308                  from /work/stage/deployment_tools/inference_engine/include/ie_icnn_network.hpp:21,
#17 1.308                  from /work/stage/deployment_tools/inference_engine/include/ie_icnn_net_reader.h:19,
#17 1.308                  from /work/stage/deployment_tools/inference_engine/include/cpp/ie_cnn_network.h:12,
#17 1.308                  from /work/stage/deployment_tools/inference_engine/include/cpp/ie_cnn_net_reader.h:20,
#17 1.308                  from /work/stage/deployment_tools/inference_engine/include/inference_engine.hpp:13,
#17 1.308                  from /work/smoke/main.cpp:16:
#17 1.308 /work/stage/deployment_tools/inference_engine/include/ie_layers.h:1636:19: warning: 'CNNLayer' is deprecated: Migrate to IR v10 and work with ngraph::Function directly. The method will be removed in 2021.1 [-Wdeprecated-declarations]
#17 1.308  1636 |     using CNNLayer::CNNLayer;
#17 1.308       |                   ^~
#17 1.308 In file included from /work/stage/deployment_tools/inference_engine/include/details/ie_exception.hpp:12,
#17 1.308                  from /work/stage/deployment_tools/inference_engine/include/ie_common.h:14,
#17 1.308                  from /work/stage/deployment_tools/inference_engine/include/details/ie_exception_conversion.hpp:11,
#17 1.308                  from /work/stage/deployment_tools/inference_engine/include/cpp/ie_cnn_net_reader.h:17,
#17 1.308                  from /work/stage/deployment_tools/inference_engine/include/inference_engine.hpp:13,
#17 1.308                  from /work/smoke/main.cpp:16:
#17 1.308 /work/stage/deployment_tools/inference_engine/include/ie_layers.h:89:48: note: declared here
#17 1.308    89 | class INFERENCE_ENGINE_INTERNAL_CNNLAYER_CLASS(CNNLayer) {
#17 1.308       |                                                ^~~~~~~~
#17 1.308 /work/stage/deployment_tools/inference_engine/include/ie_api.h:36:80: note: in definition of macro 'INFERENCE_ENGINE_API_CLASS'
#17 1.308    36 | #define INFERENCE_ENGINE_API_CLASS(...) __attribute__((visibility("default"))) __VA_ARGS__
#17 1.308       |                                                                                ^~~~~~~~~~~
#17 1.308 /work/stage/deployment_tools/inference_engine/include/ie_layers.h:89:7: note: in expansion of macro 'INFERENCE_ENGINE_INTERNAL_CNNLAYER_CLASS'
#17 1.308    89 | class INFERENCE_ENGINE_INTERNAL_CNNLAYER_CLASS(CNNLayer) {
#17 1.308       |       ^~~~~~~~~~~~~~~~~~~~~~~~~~~~~~~~~~~~~~~~
#17 1.308 In file included from /work/stage/deployment_tools/inference_engine/include/ie_iextension.h:23,
#17 1.308                  from /work/stage/deployment_tools/inference_engine/include/ie_icnn_network.hpp:21,
#17 1.308                  from /work/stage/deployment_tools/inference_engine/include/ie_icnn_net_reader.h:19,
#17 1.308                  from /work/stage/deployment_tools/inference_engine/include/cpp/ie_cnn_network.h:12,
#17 1.308                  from /work/stage/deployment_tools/inference_engine/include/cpp/ie_cnn_net_reader.h:20,
#17 1.308                  from /work/stage/deployment_tools/inference_engine/include/inference_engine.hpp:13,
#17 1.308                  from /work/smoke/main.cpp:16:
#17 1.308 /work/stage/deployment_tools/inference_engine/include/ie_layers.h:1666:19: warning: 'CNNLayer' is deprecated: Migrate to IR v10 and work with ngraph::Function directly. The method will be removed in 2021.1 [-Wdeprecated-declarations]
#17 1.308  1666 |     using CNNLayer::CNNLayer;
#17 1.308       |                   ^~
#17 1.308 In file included from /work/stage/deployment_tools/inference_engine/include/details/ie_exception.hpp:12,
#17 1.308                  from /work/stage/deployment_tools/inference_engine/include/ie_common.h:14,
#17 1.308                  from /work/stage/deployment_tools/inference_engine/include/details/ie_exception_conversion.hpp:11,
#17 1.308                  from /work/stage/deployment_tools/inference_engine/include/cpp/ie_cnn_net_reader.h:17,
#17 1.308                  from /work/stage/deployment_tools/inference_engine/include/inference_engine.hpp:13,
#17 1.308                  from /work/smoke/main.cpp:16:
#17 1.308 /work/stage/deployment_tools/inference_engine/include/ie_layers.h:89:48: note: declared here
#17 1.308    89 | class INFERENCE_ENGINE_INTERNAL_CNNLAYER_CLASS(CNNLayer) {
#17 1.308       |                                                ^~~~~~~~
#17 1.308 /work/stage/deployment_tools/inference_engine/include/ie_api.h:36:80: note: in definition of macro 'INFERENCE_ENGINE_API_CLASS'
#17 1.308    36 | #define INFERENCE_ENGINE_API_CLASS(...) __attribute__((visibility("default"))) __VA_ARGS__
#17 1.308       |                                                                                ^~~~~~~~~~~
#17 1.308 /work/stage/deployment_tools/inference_engine/include/ie_layers.h:89:7: note: in expansion of macro 'INFERENCE_ENGINE_INTERNAL_CNNLAYER_CLASS'
#17 1.308    89 | class INFERENCE_ENGINE_INTERNAL_CNNLAYER_CLASS(CNNLayer) {
#17 1.308       |       ^~~~~~~~~~~~~~~~~~~~~~~~~~~~~~~~~~~~~~~~
#17 1.308 In file included from /work/stage/deployment_tools/inference_engine/include/ie_iextension.h:23,
#17 1.308                  from /work/stage/deployment_tools/inference_engine/include/ie_icnn_network.hpp:21,
#17 1.308                  from /work/stage/deployment_tools/inference_engine/include/ie_icnn_net_reader.h:19,
#17 1.308                  from /work/stage/deployment_tools/inference_engine/include/cpp/ie_cnn_network.h:12,
#17 1.308                  from /work/stage/deployment_tools/inference_engine/include/cpp/ie_cnn_net_reader.h:20,
#17 1.308                  from /work/stage/deployment_tools/inference_engine/include/inference_engine.hpp:13,
#17 1.308                  from /work/smoke/main.cpp:16:
#17 1.308 /work/stage/deployment_tools/inference_engine/include/ie_layers.h:1699:19: warning: 'CNNLayer' is deprecated: Migrate to IR v10 and work with ngraph::Function directly. The method will be removed in 2021.1 [-Wdeprecated-declarations]
#17 1.308  1699 |     using CNNLayer::CNNLayer;
#17 1.308       |                   ^~
#17 1.308 In file included from /work/stage/deployment_tools/inference_engine/include/details/ie_exception.hpp:12,
#17 1.308                  from /work/stage/deployment_tools/inference_engine/include/ie_common.h:14,
#17 1.308                  from /work/stage/deployment_tools/inference_engine/include/details/ie_exception_conversion.hpp:11,
#17 1.308                  from /work/stage/deployment_tools/inference_engine/include/cpp/ie_cnn_net_reader.h:17,
#17 1.308                  from /work/stage/deployment_tools/inference_engine/include/inference_engine.hpp:13,
#17 1.308                  from /work/smoke/main.cpp:16:
#17 1.308 /work/stage/deployment_tools/inference_engine/include/ie_layers.h:89:48: note: declared here
#17 1.308    89 | class INFERENCE_ENGINE_INTERNAL_CNNLAYER_CLASS(CNNLayer) {
#17 1.308       |                                                ^~~~~~~~
#17 1.308 /work/stage/deployment_tools/inference_engine/include/ie_api.h:36:80: note: in definition of macro 'INFERENCE_ENGINE_API_CLASS'
#17 1.308    36 | #define INFERENCE_ENGINE_API_CLASS(...) __attribute__((visibility("default"))) __VA_ARGS__
#17 1.308       |                                                                                ^~~~~~~~~~~
#17 1.308 /work/stage/deployment_tools/inference_engine/include/ie_layers.h:89:7: note: in expansion of macro 'INFERENCE_ENGINE_INTERNAL_CNNLAYER_CLASS'
#17 1.308    89 | class INFERENCE_ENGINE_INTERNAL_CNNLAYER_CLASS(CNNLayer) {
#17 1.308       |       ^~~~~~~~~~~~~~~~~~~~~~~~~~~~~~~~~~~~~~~~
#17 1.309 In file included from /work/stage/deployment_tools/inference_engine/include/ie_iextension.h:23,
#17 1.309                  from /work/stage/deployment_tools/inference_engine/include/ie_icnn_network.hpp:21,
#17 1.309                  from /work/stage/deployment_tools/inference_engine/include/ie_icnn_net_reader.h:19,
#17 1.309                  from /work/stage/deployment_tools/inference_engine/include/cpp/ie_cnn_network.h:12,
#17 1.309                  from /work/stage/deployment_tools/inference_engine/include/cpp/ie_cnn_net_reader.h:20,
#17 1.309                  from /work/stage/deployment_tools/inference_engine/include/inference_engine.hpp:13,
#17 1.309                  from /work/smoke/main.cpp:16:
#17 1.309 /work/stage/deployment_tools/inference_engine/include/ie_layers.h:1715:19: warning: 'CNNLayer' is deprecated: Migrate to IR v10 and work with ngraph::Function directly. The method will be removed in 2021.1 [-Wdeprecated-declarations]
#17 1.309  1715 |     using CNNLayer::CNNLayer;
#17 1.309       |                   ^~
#17 1.309 In file included from /work/stage/deployment_tools/inference_engine/include/details/ie_exception.hpp:12,
#17 1.309                  from /work/stage/deployment_tools/inference_engine/include/ie_common.h:14,
#17 1.309                  from /work/stage/deployment_tools/inference_engine/include/details/ie_exception_conversion.hpp:11,
#17 1.309                  from /work/stage/deployment_tools/inference_engine/include/cpp/ie_cnn_net_reader.h:17,
#17 1.309                  from /work/stage/deployment_tools/inference_engine/include/inference_engine.hpp:13,
#17 1.309                  from /work/smoke/main.cpp:16:
#17 1.309 /work/stage/deployment_tools/inference_engine/include/ie_layers.h:89:48: note: declared here
#17 1.309    89 | class INFERENCE_ENGINE_INTERNAL_CNNLAYER_CLASS(CNNLayer) {
#17 1.309       |                                                ^~~~~~~~
#17 1.309 /work/stage/deployment_tools/inference_engine/include/ie_api.h:36:80: note: in definition of macro 'INFERENCE_ENGINE_API_CLASS'
#17 1.309    36 | #define INFERENCE_ENGINE_API_CLASS(...) __attribute__((visibility("default"))) __VA_ARGS__
#17 1.309       |                                                                                ^~~~~~~~~~~
#17 1.309 /work/stage/deployment_tools/inference_engine/include/ie_layers.h:89:7: note: in expansion of macro 'INFERENCE_ENGINE_INTERNAL_CNNLAYER_CLASS'
#17 1.309    89 | class INFERENCE_ENGINE_INTERNAL_CNNLAYER_CLASS(CNNLayer) {
#17 1.309       |       ^~~~~~~~~~~~~~~~~~~~~~~~~~~~~~~~~~~~~~~~
#17 1.309 In file included from /work/stage/deployment_tools/inference_engine/include/ie_iextension.h:23,
#17 1.309                  from /work/stage/deployment_tools/inference_engine/include/ie_icnn_network.hpp:21,
#17 1.309                  from /work/stage/deployment_tools/inference_engine/include/ie_icnn_net_reader.h:19,
#17 1.309                  from /work/stage/deployment_tools/inference_engine/include/cpp/ie_cnn_network.h:12,
#17 1.309                  from /work/stage/deployment_tools/inference_engine/include/cpp/ie_cnn_net_reader.h:20,
#17 1.309                  from /work/stage/deployment_tools/inference_engine/include/inference_engine.hpp:13,
#17 1.309                  from /work/smoke/main.cpp:16:
#17 1.309 /work/stage/deployment_tools/inference_engine/include/ie_layers.h:1730:19: warning: 'CNNLayer' is deprecated: Migrate to IR v10 and work with ngraph::Function directly. The method will be removed in 2021.1 [-Wdeprecated-declarations]
#17 1.309  1730 |     using CNNLayer::CNNLayer;
#17 1.309       |                   ^~
#17 1.309 In file included from /work/stage/deployment_tools/inference_engine/include/details/ie_exception.hpp:12,
#17 1.309                  from /work/stage/deployment_tools/inference_engine/include/ie_common.h:14,
#17 1.309                  from /work/stage/deployment_tools/inference_engine/include/details/ie_exception_conversion.hpp:11,
#17 1.309                  from /work/stage/deployment_tools/inference_engine/include/cpp/ie_cnn_net_reader.h:17,
#17 1.309                  from /work/stage/deployment_tools/inference_engine/include/inference_engine.hpp:13,
#17 1.309                  from /work/smoke/main.cpp:16:
#17 1.309 /work/stage/deployment_tools/inference_engine/include/ie_layers.h:89:48: note: declared here
#17 1.309    89 | class INFERENCE_ENGINE_INTERNAL_CNNLAYER_CLASS(CNNLayer) {
#17 1.309       |                                                ^~~~~~~~
#17 1.309 /work/stage/deployment_tools/inference_engine/include/ie_api.h:36:80: note: in definition of macro 'INFERENCE_ENGINE_API_CLASS'
#17 1.309    36 | #define INFERENCE_ENGINE_API_CLASS(...) __attribute__((visibility("default"))) __VA_ARGS__
#17 1.309       |                                                                                ^~~~~~~~~~~
#17 1.309 /work/stage/deployment_tools/inference_engine/include/ie_layers.h:89:7: note: in expansion of macro 'INFERENCE_ENGINE_INTERNAL_CNNLAYER_CLASS'
#17 1.309    89 | class INFERENCE_ENGINE_INTERNAL_CNNLAYER_CLASS(CNNLayer) {
#17 1.309       |       ^~~~~~~~~~~~~~~~~~~~~~~~~~~~~~~~~~~~~~~~
#17 1.309 In file included from /work/stage/deployment_tools/inference_engine/include/ie_iextension.h:23,
#17 1.309                  from /work/stage/deployment_tools/inference_engine/include/ie_icnn_network.hpp:21,
#17 1.309                  from /work/stage/deployment_tools/inference_engine/include/ie_icnn_net_reader.h:19,
#17 1.309                  from /work/stage/deployment_tools/inference_engine/include/cpp/ie_cnn_network.h:12,
#17 1.309                  from /work/stage/deployment_tools/inference_engine/include/cpp/ie_cnn_net_reader.h:20,
#17 1.309                  from /work/stage/deployment_tools/inference_engine/include/inference_engine.hpp:13,
#17 1.309                  from /work/smoke/main.cpp:16:
#17 1.309 /work/stage/deployment_tools/inference_engine/include/ie_layers.h:1745:19: warning: 'CNNLayer' is deprecated: Migrate to IR v10 and work with ngraph::Function directly. The method will be removed in 2021.1 [-Wdeprecated-declarations]
#17 1.309  1745 |     using CNNLayer::CNNLayer;
#17 1.309       |                   ^~
#17 1.309 In file included from /work/stage/deployment_tools/inference_engine/include/details/ie_exception.hpp:12,
#17 1.309                  from /work/stage/deployment_tools/inference_engine/include/ie_common.h:14,
#17 1.309                  from /work/stage/deployment_tools/inference_engine/include/details/ie_exception_conversion.hpp:11,
#17 1.309                  from /work/stage/deployment_tools/inference_engine/include/cpp/ie_cnn_net_reader.h:17,
#17 1.309                  from /work/stage/deployment_tools/inference_engine/include/inference_engine.hpp:13,
#17 1.309                  from /work/smoke/main.cpp:16:
#17 1.309 /work/stage/deployment_tools/inference_engine/include/ie_layers.h:89:48: note: declared here
#17 1.309    89 | class INFERENCE_ENGINE_INTERNAL_CNNLAYER_CLASS(CNNLayer) {
#17 1.309       |                                                ^~~~~~~~
#17 1.309 /work/stage/deployment_tools/inference_engine/include/ie_api.h:36:80: note: in definition of macro 'INFERENCE_ENGINE_API_CLASS'
#17 1.309    36 | #define INFERENCE_ENGINE_API_CLASS(...) __attribute__((visibility("default"))) __VA_ARGS__
#17 1.309       |                                                                                ^~~~~~~~~~~
#17 1.309 /work/stage/deployment_tools/inference_engine/include/ie_layers.h:89:7: note: in expansion of macro 'INFERENCE_ENGINE_INTERNAL_CNNLAYER_CLASS'
#17 1.309    89 | class INFERENCE_ENGINE_INTERNAL_CNNLAYER_CLASS(CNNLayer) {
#17 1.309       |       ^~~~~~~~~~~~~~~~~~~~~~~~~~~~~~~~~~~~~~~~
#17 1.310 In file included from /work/stage/deployment_tools/inference_engine/include/ie_iextension.h:23,
#17 1.310                  from /work/stage/deployment_tools/inference_engine/include/ie_icnn_network.hpp:21,
#17 1.310                  from /work/stage/deployment_tools/inference_engine/include/ie_icnn_net_reader.h:19,
#17 1.310                  from /work/stage/deployment_tools/inference_engine/include/cpp/ie_cnn_network.h:12,
#17 1.310                  from /work/stage/deployment_tools/inference_engine/include/cpp/ie_cnn_net_reader.h:20,
#17 1.310                  from /work/stage/deployment_tools/inference_engine/include/inference_engine.hpp:13,
#17 1.310                  from /work/smoke/main.cpp:16:
#17 1.310 /work/stage/deployment_tools/inference_engine/include/ie_layers.h:1760:19: warning: 'CNNLayer' is deprecated: Migrate to IR v10 and work with ngraph::Function directly. The method will be removed in 2021.1 [-Wdeprecated-declarations]
#17 1.310  1760 |     using CNNLayer::CNNLayer;
#17 1.310       |                   ^~
#17 1.310 In file included from /work/stage/deployment_tools/inference_engine/include/details/ie_exception.hpp:12,
#17 1.310                  from /work/stage/deployment_tools/inference_engine/include/ie_common.h:14,
#17 1.310                  from /work/stage/deployment_tools/inference_engine/include/details/ie_exception_conversion.hpp:11,
#17 1.310                  from /work/stage/deployment_tools/inference_engine/include/cpp/ie_cnn_net_reader.h:17,
#17 1.310                  from /work/stage/deployment_tools/inference_engine/include/inference_engine.hpp:13,
#17 1.310                  from /work/smoke/main.cpp:16:
#17 1.310 /work/stage/deployment_tools/inference_engine/include/ie_layers.h:89:48: note: declared here
#17 1.310    89 | class INFERENCE_ENGINE_INTERNAL_CNNLAYER_CLASS(CNNLayer) {
#17 1.310       |                                                ^~~~~~~~
#17 1.310 /work/stage/deployment_tools/inference_engine/include/ie_api.h:36:80: note: in definition of macro 'INFERENCE_ENGINE_API_CLASS'
#17 1.310    36 | #define INFERENCE_ENGINE_API_CLASS(...) __attribute__((visibility("default"))) __VA_ARGS__
#17 1.310       |                                                                                ^~~~~~~~~~~
#17 1.310 /work/stage/deployment_tools/inference_engine/include/ie_layers.h:89:7: note: in expansion of macro 'INFERENCE_ENGINE_INTERNAL_CNNLAYER_CLASS'
#17 1.310    89 | class INFERENCE_ENGINE_INTERNAL_CNNLAYER_CLASS(CNNLayer) {
#17 1.310       |       ^~~~~~~~~~~~~~~~~~~~~~~~~~~~~~~~~~~~~~~~
#17 1.310 In file included from /work/stage/deployment_tools/inference_engine/include/ie_iextension.h:23,
#17 1.310                  from /work/stage/deployment_tools/inference_engine/include/ie_icnn_network.hpp:21,
#17 1.310                  from /work/stage/deployment_tools/inference_engine/include/ie_icnn_net_reader.h:19,
#17 1.310                  from /work/stage/deployment_tools/inference_engine/include/cpp/ie_cnn_network.h:12,
#17 1.310                  from /work/stage/deployment_tools/inference_engine/include/cpp/ie_cnn_net_reader.h:20,
#17 1.310                  from /work/stage/deployment_tools/inference_engine/include/inference_engine.hpp:13,
#17 1.310                  from /work/smoke/main.cpp:16:
#17 1.310 /work/stage/deployment_tools/inference_engine/include/ie_layers.h:1780:19: warning: 'CNNLayer' is deprecated: Migrate to IR v10 and work with ngraph::Function directly. The method will be removed in 2021.1 [-Wdeprecated-declarations]
#17 1.310  1780 |     using CNNLayer::CNNLayer;
#17 1.310       |                   ^~
#17 1.310 In file included from /work/stage/deployment_tools/inference_engine/include/details/ie_exception.hpp:12,
#17 1.310                  from /work/stage/deployment_tools/inference_engine/include/ie_common.h:14,
#17 1.310                  from /work/stage/deployment_tools/inference_engine/include/details/ie_exception_conversion.hpp:11,
#17 1.310                  from /work/stage/deployment_tools/inference_engine/include/cpp/ie_cnn_net_reader.h:17,
#17 1.310                  from /work/stage/deployment_tools/inference_engine/include/inference_engine.hpp:13,
#17 1.310                  from /work/smoke/main.cpp:16:
#17 1.310 /work/stage/deployment_tools/inference_engine/include/ie_layers.h:89:48: note: declared here
#17 1.310    89 | class INFERENCE_ENGINE_INTERNAL_CNNLAYER_CLASS(CNNLayer) {
#17 1.310       |                                                ^~~~~~~~
#17 1.310 /work/stage/deployment_tools/inference_engine/include/ie_api.h:36:80: note: in definition of macro 'INFERENCE_ENGINE_API_CLASS'
#17 1.310    36 | #define INFERENCE_ENGINE_API_CLASS(...) __attribute__((visibility("default"))) __VA_ARGS__
#17 1.310       |                                                                                ^~~~~~~~~~~
#17 1.310 /work/stage/deployment_tools/inference_engine/include/ie_layers.h:89:7: note: in expansion of macro 'INFERENCE_ENGINE_INTERNAL_CNNLAYER_CLASS'
#17 1.310    89 | class INFERENCE_ENGINE_INTERNAL_CNNLAYER_CLASS(CNNLayer) {
#17 1.310       |       ^~~~~~~~~~~~~~~~~~~~~~~~~~~~~~~~~~~~~~~~
#17 1.310 In file included from /work/stage/deployment_tools/inference_engine/include/ie_iextension.h:23,
#17 1.310                  from /work/stage/deployment_tools/inference_engine/include/ie_icnn_network.hpp:21,
#17 1.310                  from /work/stage/deployment_tools/inference_engine/include/ie_icnn_net_reader.h:19,
#17 1.310                  from /work/stage/deployment_tools/inference_engine/include/cpp/ie_cnn_network.h:12,
#17 1.310                  from /work/stage/deployment_tools/inference_engine/include/cpp/ie_cnn_net_reader.h:20,
#17 1.310                  from /work/stage/deployment_tools/inference_engine/include/inference_engine.hpp:13,
#17 1.310                  from /work/smoke/main.cpp:16:
#17 1.310 /work/stage/deployment_tools/inference_engine/include/ie_layers.h:1806:19: warning: 'CNNLayer' is deprecated: Migrate to IR v10 and work with ngraph::Function directly. The method will be removed in 2021.1 [-Wdeprecated-declarations]
#17 1.310  1806 |     using CNNLayer::CNNLayer;
#17 1.310       |                   ^~
#17 1.310 In file included from /work/stage/deployment_tools/inference_engine/include/details/ie_exception.hpp:12,
#17 1.310                  from /work/stage/deployment_tools/inference_engine/include/ie_common.h:14,
#17 1.310                  from /work/stage/deployment_tools/inference_engine/include/details/ie_exception_conversion.hpp:11,
#17 1.310                  from /work/stage/deployment_tools/inference_engine/include/cpp/ie_cnn_net_reader.h:17,
#17 1.310                  from /work/stage/deployment_tools/inference_engine/include/inference_engine.hpp:13,
#17 1.310                  from /work/smoke/main.cpp:16:
#17 1.310 /work/stage/deployment_tools/inference_engine/include/ie_layers.h:89:48: note: declared here
#17 1.310    89 | class INFERENCE_ENGINE_INTERNAL_CNNLAYER_CLASS(CNNLayer) {
#17 1.310       |                                                ^~~~~~~~
#17 1.310 /work/stage/deployment_tools/inference_engine/include/ie_api.h:36:80: note: in definition of macro 'INFERENCE_ENGINE_API_CLASS'
#17 1.310    36 | #define INFERENCE_ENGINE_API_CLASS(...) __attribute__((visibility("default"))) __VA_ARGS__
#17 1.310       |                                                                                ^~~~~~~~~~~
#17 1.310 /work/stage/deployment_tools/inference_engine/include/ie_layers.h:89:7: note: in expansion of macro 'INFERENCE_ENGINE_INTERNAL_CNNLAYER_CLASS'
#17 1.310    89 | class INFERENCE_ENGINE_INTERNAL_CNNLAYER_CLASS(CNNLayer) {
#17 1.310       |       ^~~~~~~~~~~~~~~~~~~~~~~~~~~~~~~~~~~~~~~~
#17 1.310 In file included from /work/stage/deployment_tools/inference_engine/include/ie_iextension.h:23,
#17 1.310                  from /work/stage/deployment_tools/inference_engine/include/ie_icnn_network.hpp:21,
#17 1.310                  from /work/stage/deployment_tools/inference_engine/include/ie_icnn_net_reader.h:19,
#17 1.310                  from /work/stage/deployment_tools/inference_engine/include/cpp/ie_cnn_network.h:12,
#17 1.310                  from /work/stage/deployment_tools/inference_engine/include/cpp/ie_cnn_net_reader.h:20,
#17 1.310                  from /work/stage/deployment_tools/inference_engine/include/inference_engine.hpp:13,
#17 1.310                  from /work/smoke/main.cpp:16:
#17 1.310 /work/stage/deployment_tools/inference_engine/include/ie_layers.h:1841:19: warning: 'CNNLayer' is deprecated: Migrate to IR v10 and work with ngraph::Function directly. The method will be removed in 2021.1 [-Wdeprecated-declarations]
#17 1.310  1841 |     using CNNLayer::CNNLayer;
#17 1.310       |                   ^~
#17 1.311 In file included from /work/stage/deployment_tools/inference_engine/include/details/ie_exception.hpp:12,
#17 1.311                  from /work/stage/deployment_tools/inference_engine/include/ie_common.h:14,
#17 1.311                  from /work/stage/deployment_tools/inference_engine/include/details/ie_exception_conversion.hpp:11,
#17 1.311                  from /work/stage/deployment_tools/inference_engine/include/cpp/ie_cnn_net_reader.h:17,
#17 1.311                  from /work/stage/deployment_tools/inference_engine/include/inference_engine.hpp:13,
#17 1.311                  from /work/smoke/main.cpp:16:
#17 1.311 /work/stage/deployment_tools/inference_engine/include/ie_layers.h:89:48: note: declared here
#17 1.311    89 | class INFERENCE_ENGINE_INTERNAL_CNNLAYER_CLASS(CNNLayer) {
#17 1.311       |                                                ^~~~~~~~
#17 1.311 /work/stage/deployment_tools/inference_engine/include/ie_api.h:36:80: note: in definition of macro 'INFERENCE_ENGINE_API_CLASS'
#17 1.311    36 | #define INFERENCE_ENGINE_API_CLASS(...) __attribute__((visibility("default"))) __VA_ARGS__
#17 1.311       |                                                                                ^~~~~~~~~~~
#17 1.311 /work/stage/deployment_tools/inference_engine/include/ie_layers.h:89:7: note: in expansion of macro 'INFERENCE_ENGINE_INTERNAL_CNNLAYER_CLASS'
#17 1.311    89 | class INFERENCE_ENGINE_INTERNAL_CNNLAYER_CLASS(CNNLayer) {
#17 1.311       |       ^~~~~~~~~~~~~~~~~~~~~~~~~~~~~~~~~~~~~~~~
#17 1.311 In file included from /work/stage/deployment_tools/inference_engine/include/ie_iextension.h:23,
#17 1.311                  from /work/stage/deployment_tools/inference_engine/include/ie_icnn_network.hpp:21,
#17 1.311                  from /work/stage/deployment_tools/inference_engine/include/ie_icnn_net_reader.h:19,
#17 1.311                  from /work/stage/deployment_tools/inference_engine/include/cpp/ie_cnn_network.h:12,
#17 1.311                  from /work/stage/deployment_tools/inference_engine/include/cpp/ie_cnn_net_reader.h:20,
#17 1.311                  from /work/stage/deployment_tools/inference_engine/include/inference_engine.hpp:13,
#17 1.311                  from /work/smoke/main.cpp:16:
#17 1.311 /work/stage/deployment_tools/inference_engine/include/ie_layers.h:1857:19: warning: 'CNNLayer' is deprecated: Migrate to IR v10 and work with ngraph::Function directly. The method will be removed in 2021.1 [-Wdeprecated-declarations]
#17 1.311  1857 |     using CNNLayer::CNNLayer;
#17 1.311       |                   ^~
#17 1.311 In file included from /work/stage/deployment_tools/inference_engine/include/details/ie_exception.hpp:12,
#17 1.311                  from /work/stage/deployment_tools/inference_engine/include/ie_common.h:14,
#17 1.311                  from /work/stage/deployment_tools/inference_engine/include/details/ie_exception_conversion.hpp:11,
#17 1.311                  from /work/stage/deployment_tools/inference_engine/include/cpp/ie_cnn_net_reader.h:17,
#17 1.311                  from /work/stage/deployment_tools/inference_engine/include/inference_engine.hpp:13,
#17 1.311                  from /work/smoke/main.cpp:16:
#17 1.311 /work/stage/deployment_tools/inference_engine/include/ie_layers.h:89:48: note: declared here
#17 1.311    89 | class INFERENCE_ENGINE_INTERNAL_CNNLAYER_CLASS(CNNLayer) {
#17 1.311       |                                                ^~~~~~~~
#17 1.311 /work/stage/deployment_tools/inference_engine/include/ie_api.h:36:80: note: in definition of macro 'INFERENCE_ENGINE_API_CLASS'
#17 1.311    36 | #define INFERENCE_ENGINE_API_CLASS(...) __attribute__((visibility("default"))) __VA_ARGS__
#17 1.311       |                                                                                ^~~~~~~~~~~
#17 1.311 /work/stage/deployment_tools/inference_engine/include/ie_layers.h:89:7: note: in expansion of macro 'INFERENCE_ENGINE_INTERNAL_CNNLAYER_CLASS'
#17 1.311    89 | class INFERENCE_ENGINE_INTERNAL_CNNLAYER_CLASS(CNNLayer) {
#17 1.311       |       ^~~~~~~~~~~~~~~~~~~~~~~~~~~~~~~~~~~~~~~~
#17 1.311 In file included from /work/stage/deployment_tools/inference_engine/include/ie_iextension.h:23,
#17 1.311                  from /work/stage/deployment_tools/inference_engine/include/ie_icnn_network.hpp:21,
#17 1.311                  from /work/stage/deployment_tools/inference_engine/include/ie_icnn_net_reader.h:19,
#17 1.311                  from /work/stage/deployment_tools/inference_engine/include/cpp/ie_cnn_network.h:12,
#17 1.311                  from /work/stage/deployment_tools/inference_engine/include/cpp/ie_cnn_net_reader.h:20,
#17 1.311                  from /work/stage/deployment_tools/inference_engine/include/inference_engine.hpp:13,
#17 1.311                  from /work/smoke/main.cpp:16:
#17 1.311 /work/stage/deployment_tools/inference_engine/include/ie_layers.h:1873:19: warning: 'CNNLayer' is deprecated: Migrate to IR v10 and work with ngraph::Function directly. The method will be removed in 2021.1 [-Wdeprecated-declarations]
#17 1.311  1873 |     using CNNLayer::CNNLayer;
#17 1.311       |                   ^~
#17 1.311 In file included from /work/stage/deployment_tools/inference_engine/include/details/ie_exception.hpp:12,
#17 1.311                  from /work/stage/deployment_tools/inference_engine/include/ie_common.h:14,
#17 1.311                  from /work/stage/deployment_tools/inference_engine/include/details/ie_exception_conversion.hpp:11,
#17 1.311                  from /work/stage/deployment_tools/inference_engine/include/cpp/ie_cnn_net_reader.h:17,
#17 1.311                  from /work/stage/deployment_tools/inference_engine/include/inference_engine.hpp:13,
#17 1.311                  from /work/smoke/main.cpp:16:
#17 1.311 /work/stage/deployment_tools/inference_engine/include/ie_layers.h:89:48: note: declared here
#17 1.311    89 | class INFERENCE_ENGINE_INTERNAL_CNNLAYER_CLASS(CNNLayer) {
#17 1.311       |                                                ^~~~~~~~
#17 1.311 /work/stage/deployment_tools/inference_engine/include/ie_api.h:36:80: note: in definition of macro 'INFERENCE_ENGINE_API_CLASS'
#17 1.311    36 | #define INFERENCE_ENGINE_API_CLASS(...) __attribute__((visibility("default"))) __VA_ARGS__
#17 1.311       |                                                                                ^~~~~~~~~~~
#17 1.311 /work/stage/deployment_tools/inference_engine/include/ie_layers.h:89:7: note: in expansion of macro 'INFERENCE_ENGINE_INTERNAL_CNNLAYER_CLASS'
#17 1.311    89 | class INFERENCE_ENGINE_INTERNAL_CNNLAYER_CLASS(CNNLayer) {
#17 1.311       |       ^~~~~~~~~~~~~~~~~~~~~~~~~~~~~~~~~~~~~~~~
#17 1.311 In file included from /work/stage/deployment_tools/inference_engine/include/ie_iextension.h:23,
#17 1.311                  from /work/stage/deployment_tools/inference_engine/include/ie_icnn_network.hpp:21,
#17 1.311                  from /work/stage/deployment_tools/inference_engine/include/ie_icnn_net_reader.h:19,
#17 1.311                  from /work/stage/deployment_tools/inference_engine/include/cpp/ie_cnn_network.h:12,
#17 1.311                  from /work/stage/deployment_tools/inference_engine/include/cpp/ie_cnn_net_reader.h:20,
#17 1.311                  from /work/stage/deployment_tools/inference_engine/include/inference_engine.hpp:13,
#17 1.311                  from /work/smoke/main.cpp:16:
#17 1.311 /work/stage/deployment_tools/inference_engine/include/ie_layers.h:1891:19: warning: 'CNNLayer' is deprecated: Migrate to IR v10 and work with ngraph::Function directly. The method will be removed in 2021.1 [-Wdeprecated-declarations]
#17 1.311  1891 |     using CNNLayer::CNNLayer;
#17 1.311       |                   ^~
#17 1.311 In file included from /work/stage/deployment_tools/inference_engine/include/details/ie_exception.hpp:12,
#17 1.311                  from /work/stage/deployment_tools/inference_engine/include/ie_common.h:14,
#17 1.311                  from /work/stage/deployment_tools/inference_engine/include/details/ie_exception_conversion.hpp:11,
#17 1.311                  from /work/stage/deployment_tools/inference_engine/include/cpp/ie_cnn_net_reader.h:17,
#17 1.311                  from /work/stage/deployment_tools/inference_engine/include/inference_engine.hpp:13,
#17 1.311                  from /work/smoke/main.cpp:16:
#17 1.311 /work/stage/deployment_tools/inference_engine/include/ie_layers.h:89:48: note: declared here
#17 1.311    89 | class INFERENCE_ENGINE_INTERNAL_CNNLAYER_CLASS(CNNLayer) {
#17 1.311       |                                                ^~~~~~~~
#17 1.311 /work/stage/deployment_tools/inference_engine/include/ie_api.h:36:80: note: in definition of macro 'INFERENCE_ENGINE_API_CLASS'
#17 1.311    36 | #define INFERENCE_ENGINE_API_CLASS(...) __attribute__((visibility("default"))) __VA_ARGS__
#17 1.311       |                                                                                ^~~~~~~~~~~
#17 1.311 /work/stage/deployment_tools/inference_engine/include/ie_layers.h:89:7: note: in expansion of macro 'INFERENCE_ENGINE_INTERNAL_CNNLAYER_CLASS'
#17 1.311    89 | class INFERENCE_ENGINE_INTERNAL_CNNLAYER_CLASS(CNNLayer) {
#17 1.311       |       ^~~~~~~~~~~~~~~~~~~~~~~~~~~~~~~~~~~~~~~~
#17 1.312 In file included from /work/stage/deployment_tools/inference_engine/include/ie_iextension.h:23,
#17 1.312                  from /work/stage/deployment_tools/inference_engine/include/ie_icnn_network.hpp:21,
#17 1.312                  from /work/stage/deployment_tools/inference_engine/include/ie_icnn_net_reader.h:19,
#17 1.312                  from /work/stage/deployment_tools/inference_engine/include/cpp/ie_cnn_network.h:12,
#17 1.312                  from /work/stage/deployment_tools/inference_engine/include/cpp/ie_cnn_net_reader.h:20,
#17 1.312                  from /work/stage/deployment_tools/inference_engine/include/inference_engine.hpp:13,
#17 1.312                  from /work/smoke/main.cpp:16:
#17 1.312 /work/stage/deployment_tools/inference_engine/include/ie_layers.h:1907:19: warning: 'CNNLayer' is deprecated: Migrate to IR v10 and work with ngraph::Function directly. The method will be removed in 2021.1 [-Wdeprecated-declarations]
#17 1.312  1907 |     using CNNLayer::CNNLayer;
#17 1.312       |                   ^~
#17 1.312 In file included from /work/stage/deployment_tools/inference_engine/include/details/ie_exception.hpp:12,
#17 1.312                  from /work/stage/deployment_tools/inference_engine/include/ie_common.h:14,
#17 1.312                  from /work/stage/deployment_tools/inference_engine/include/details/ie_exception_conversion.hpp:11,
#17 1.312                  from /work/stage/deployment_tools/inference_engine/include/cpp/ie_cnn_net_reader.h:17,
#17 1.312                  from /work/stage/deployment_tools/inference_engine/include/inference_engine.hpp:13,
#17 1.312                  from /work/smoke/main.cpp:16:
#17 1.312 /work/stage/deployment_tools/inference_engine/include/ie_layers.h:89:48: note: declared here
#17 1.312    89 | class INFERENCE_ENGINE_INTERNAL_CNNLAYER_CLASS(CNNLayer) {
#17 1.312       |                                                ^~~~~~~~
#17 1.312 /work/stage/deployment_tools/inference_engine/include/ie_api.h:36:80: note: in definition of macro 'INFERENCE_ENGINE_API_CLASS'
#17 1.312    36 | #define INFERENCE_ENGINE_API_CLASS(...) __attribute__((visibility("default"))) __VA_ARGS__
#17 1.312       |                                                                                ^~~~~~~~~~~
#17 1.312 /work/stage/deployment_tools/inference_engine/include/ie_layers.h:89:7: note: in expansion of macro 'INFERENCE_ENGINE_INTERNAL_CNNLAYER_CLASS'
#17 1.312    89 | class INFERENCE_ENGINE_INTERNAL_CNNLAYER_CLASS(CNNLayer) {
#17 1.312       |       ^~~~~~~~~~~~~~~~~~~~~~~~~~~~~~~~~~~~~~~~
#17 1.312 In file included from /work/stage/deployment_tools/inference_engine/include/ie_iextension.h:23,
#17 1.312                  from /work/stage/deployment_tools/inference_engine/include/ie_icnn_network.hpp:21,
#17 1.312                  from /work/stage/deployment_tools/inference_engine/include/ie_icnn_net_reader.h:19,
#17 1.312                  from /work/stage/deployment_tools/inference_engine/include/cpp/ie_cnn_network.h:12,
#17 1.312                  from /work/stage/deployment_tools/inference_engine/include/cpp/ie_cnn_net_reader.h:20,
#17 1.312                  from /work/stage/deployment_tools/inference_engine/include/inference_engine.hpp:13,
#17 1.312                  from /work/smoke/main.cpp:16:
#17 1.312 /work/stage/deployment_tools/inference_engine/include/ie_layers.h:1928:19: warning: 'CNNLayer' is deprecated: Migrate to IR v10 and work with ngraph::Function directly. The method will be removed in 2021.1 [-Wdeprecated-declarations]
#17 1.312  1928 |     using CNNLayer::CNNLayer;
#17 1.312       |                   ^~
#17 1.312 In file included from /work/stage/deployment_tools/inference_engine/include/details/ie_exception.hpp:12,
#17 1.312                  from /work/stage/deployment_tools/inference_engine/include/ie_common.h:14,
#17 1.312                  from /work/stage/deployment_tools/inference_engine/include/details/ie_exception_conversion.hpp:11,
#17 1.312                  from /work/stage/deployment_tools/inference_engine/include/cpp/ie_cnn_net_reader.h:17,
#17 1.312                  from /work/stage/deployment_tools/inference_engine/include/inference_engine.hpp:13,
#17 1.312                  from /work/smoke/main.cpp:16:
#17 1.312 /work/stage/deployment_tools/inference_engine/include/ie_layers.h:89:48: note: declared here
#17 1.312    89 | class INFERENCE_ENGINE_INTERNAL_CNNLAYER_CLASS(CNNLayer) {
#17 1.312       |                                                ^~~~~~~~
#17 1.312 /work/stage/deployment_tools/inference_engine/include/ie_api.h:36:80: note: in definition of macro 'INFERENCE_ENGINE_API_CLASS'
#17 1.312    36 | #define INFERENCE_ENGINE_API_CLASS(...) __attribute__((visibility("default"))) __VA_ARGS__
#17 1.312       |                                                                                ^~~~~~~~~~~
#17 1.312 /work/stage/deployment_tools/inference_engine/include/ie_layers.h:89:7: note: in expansion of macro 'INFERENCE_ENGINE_INTERNAL_CNNLAYER_CLASS'
#17 1.312    89 | class INFERENCE_ENGINE_INTERNAL_CNNLAYER_CLASS(CNNLayer) {
#17 1.312       |       ^~~~~~~~~~~~~~~~~~~~~~~~~~~~~~~~~~~~~~~~
#17 1.312 In file included from /work/stage/deployment_tools/inference_engine/include/ie_iextension.h:23,
#17 1.312                  from /work/stage/deployment_tools/inference_engine/include/ie_icnn_network.hpp:21,
#17 1.312                  from /work/stage/deployment_tools/inference_engine/include/ie_icnn_net_reader.h:19,
#17 1.312                  from /work/stage/deployment_tools/inference_engine/include/cpp/ie_cnn_network.h:12,
#17 1.312                  from /work/stage/deployment_tools/inference_engine/include/cpp/ie_cnn_net_reader.h:20,
#17 1.312                  from /work/stage/deployment_tools/inference_engine/include/inference_engine.hpp:13,
#17 1.312                  from /work/smoke/main.cpp:16:
#17 1.312 /work/stage/deployment_tools/inference_engine/include/ie_layers.h:1944:19: warning: 'CNNLayer' is deprecated: Migrate to IR v10 and work with ngraph::Function directly. The method will be removed in 2021.1 [-Wdeprecated-declarations]
#17 1.312  1944 |     using CNNLayer::CNNLayer;
#17 1.312       |                   ^~
#17 1.312 In file included from /work/stage/deployment_tools/inference_engine/include/details/ie_exception.hpp:12,
#17 1.312                  from /work/stage/deployment_tools/inference_engine/include/ie_common.h:14,
#17 1.312                  from /work/stage/deployment_tools/inference_engine/include/details/ie_exception_conversion.hpp:11,
#17 1.312                  from /work/stage/deployment_tools/inference_engine/include/cpp/ie_cnn_net_reader.h:17,
#17 1.312                  from /work/stage/deployment_tools/inference_engine/include/inference_engine.hpp:13,
#17 1.312                  from /work/smoke/main.cpp:16:
#17 1.312 /work/stage/deployment_tools/inference_engine/include/ie_layers.h:89:48: note: declared here
#17 1.312    89 | class INFERENCE_ENGINE_INTERNAL_CNNLAYER_CLASS(CNNLayer) {
#17 1.312       |                                                ^~~~~~~~
#17 1.312 /work/stage/deployment_tools/inference_engine/include/ie_api.h:36:80: note: in definition of macro 'INFERENCE_ENGINE_API_CLASS'
#17 1.312    36 | #define INFERENCE_ENGINE_API_CLASS(...) __attribute__((visibility("default"))) __VA_ARGS__
#17 1.312       |                                                                                ^~~~~~~~~~~
#17 1.312 /work/stage/deployment_tools/inference_engine/include/ie_layers.h:89:7: note: in expansion of macro 'INFERENCE_ENGINE_INTERNAL_CNNLAYER_CLASS'
#17 1.312    89 | class INFERENCE_ENGINE_INTERNAL_CNNLAYER_CLASS(CNNLayer) {
#17 1.312       |       ^~~~~~~~~~~~~~~~~~~~~~~~~~~~~~~~~~~~~~~~
#17 1.313 In file included from /work/stage/deployment_tools/inference_engine/include/ie_iextension.h:23,
#17 1.313                  from /work/stage/deployment_tools/inference_engine/include/ie_icnn_network.hpp:21,
#17 1.313                  from /work/stage/deployment_tools/inference_engine/include/ie_icnn_net_reader.h:19,
#17 1.313                  from /work/stage/deployment_tools/inference_engine/include/cpp/ie_cnn_network.h:12,
#17 1.313                  from /work/stage/deployment_tools/inference_engine/include/cpp/ie_cnn_net_reader.h:20,
#17 1.313                  from /work/stage/deployment_tools/inference_engine/include/inference_engine.hpp:13,
#17 1.313                  from /work/smoke/main.cpp:16:
#17 1.313 /work/stage/deployment_tools/inference_engine/include/ie_layers.h:1965:19: warning: 'CNNLayer' is deprecated: Migrate to IR v10 and work with ngraph::Function directly. The method will be removed in 2021.1 [-Wdeprecated-declarations]
#17 1.313  1965 |     using CNNLayer::CNNLayer;
#17 1.313       |                   ^~
#17 1.313 In file included from /work/stage/deployment_tools/inference_engine/include/details/ie_exception.hpp:12,
#17 1.313                  from /work/stage/deployment_tools/inference_engine/include/ie_common.h:14,
#17 1.313                  from /work/stage/deployment_tools/inference_engine/include/details/ie_exception_conversion.hpp:11,
#17 1.313                  from /work/stage/deployment_tools/inference_engine/include/cpp/ie_cnn_net_reader.h:17,
#17 1.313                  from /work/stage/deployment_tools/inference_engine/include/inference_engine.hpp:13,
#17 1.313                  from /work/smoke/main.cpp:16:
#17 1.313 /work/stage/deployment_tools/inference_engine/include/ie_layers.h:89:48: note: declared here
#17 1.313    89 | class INFERENCE_ENGINE_INTERNAL_CNNLAYER_CLASS(CNNLayer) {
#17 1.313       |                                                ^~~~~~~~
#17 1.313 /work/stage/deployment_tools/inference_engine/include/ie_api.h:36:80: note: in definition of macro 'INFERENCE_ENGINE_API_CLASS'
#17 1.313    36 | #define INFERENCE_ENGINE_API_CLASS(...) __attribute__((visibility("default"))) __VA_ARGS__
#17 1.313       |                                                                                ^~~~~~~~~~~
#17 1.313 /work/stage/deployment_tools/inference_engine/include/ie_layers.h:89:7: note: in expansion of macro 'INFERENCE_ENGINE_INTERNAL_CNNLAYER_CLASS'
#17 1.313    89 | class INFERENCE_ENGINE_INTERNAL_CNNLAYER_CLASS(CNNLayer) {
#17 1.313       |       ^~~~~~~~~~~~~~~~~~~~~~~~~~~~~~~~~~~~~~~~
#17 1.313 In file included from /work/stage/deployment_tools/inference_engine/include/ie_iextension.h:23,
#17 1.313                  from /work/stage/deployment_tools/inference_engine/include/ie_icnn_network.hpp:21,
#17 1.313                  from /work/stage/deployment_tools/inference_engine/include/ie_icnn_net_reader.h:19,
#17 1.313                  from /work/stage/deployment_tools/inference_engine/include/cpp/ie_cnn_network.h:12,
#17 1.313                  from /work/stage/deployment_tools/inference_engine/include/cpp/ie_cnn_net_reader.h:20,
#17 1.313                  from /work/stage/deployment_tools/inference_engine/include/inference_engine.hpp:13,
#17 1.313                  from /work/smoke/main.cpp:16:
#17 1.313 /work/stage/deployment_tools/inference_engine/include/ie_layers.h:1994:19: warning: 'CNNLayer' is deprecated: Migrate to IR v10 and work with ngraph::Function directly. The method will be removed in 2021.1 [-Wdeprecated-declarations]
#17 1.313  1994 |     using CNNLayer::CNNLayer;
#17 1.313       |                   ^~
#17 1.313 In file included from /work/stage/deployment_tools/inference_engine/include/details/ie_exception.hpp:12,
#17 1.313                  from /work/stage/deployment_tools/inference_engine/include/ie_common.h:14,
#17 1.313                  from /work/stage/deployment_tools/inference_engine/include/details/ie_exception_conversion.hpp:11,
#17 1.313                  from /work/stage/deployment_tools/inference_engine/include/cpp/ie_cnn_net_reader.h:17,
#17 1.313                  from /work/stage/deployment_tools/inference_engine/include/inference_engine.hpp:13,
#17 1.313                  from /work/smoke/main.cpp:16:
#17 1.313 /work/stage/deployment_tools/inference_engine/include/ie_layers.h:89:48: note: declared here
#17 1.313    89 | class INFERENCE_ENGINE_INTERNAL_CNNLAYER_CLASS(CNNLayer) {
#17 1.313       |                                                ^~~~~~~~
#17 1.313 /work/stage/deployment_tools/inference_engine/include/ie_api.h:36:80: note: in definition of macro 'INFERENCE_ENGINE_API_CLASS'
#17 1.313    36 | #define INFERENCE_ENGINE_API_CLASS(...) __attribute__((visibility("default"))) __VA_ARGS__
#17 1.313       |                                                                                ^~~~~~~~~~~
#17 1.313 /work/stage/deployment_tools/inference_engine/include/ie_layers.h:89:7: note: in expansion of macro 'INFERENCE_ENGINE_INTERNAL_CNNLAYER_CLASS'
#17 1.313    89 | class INFERENCE_ENGINE_INTERNAL_CNNLAYER_CLASS(CNNLayer) {
#17 1.313       |       ^~~~~~~~~~~~~~~~~~~~~~~~~~~~~~~~~~~~~~~~
#17 1.313 In file included from /work/stage/deployment_tools/inference_engine/include/ie_iextension.h:23,
#17 1.313                  from /work/stage/deployment_tools/inference_engine/include/ie_icnn_network.hpp:21,
#17 1.313                  from /work/stage/deployment_tools/inference_engine/include/ie_icnn_net_reader.h:19,
#17 1.313                  from /work/stage/deployment_tools/inference_engine/include/cpp/ie_cnn_network.h:12,
#17 1.313                  from /work/stage/deployment_tools/inference_engine/include/cpp/ie_cnn_net_reader.h:20,
#17 1.313                  from /work/stage/deployment_tools/inference_engine/include/inference_engine.hpp:13,
#17 1.313                  from /work/smoke/main.cpp:16:
#17 1.313 /work/stage/deployment_tools/inference_engine/include/ie_layers.h:2023:19: warning: 'CNNLayer' is deprecated: Migrate to IR v10 and work with ngraph::Function directly. The method will be removed in 2021.1 [-Wdeprecated-declarations]
#17 1.313  2023 |     using CNNLayer::CNNLayer;
#17 1.313       |                   ^~
#17 1.313 In file included from /work/stage/deployment_tools/inference_engine/include/details/ie_exception.hpp:12,
#17 1.313                  from /work/stage/deployment_tools/inference_engine/include/ie_common.h:14,
#17 1.313                  from /work/stage/deployment_tools/inference_engine/include/details/ie_exception_conversion.hpp:11,
#17 1.313                  from /work/stage/deployment_tools/inference_engine/include/cpp/ie_cnn_net_reader.h:17,
#17 1.313                  from /work/stage/deployment_tools/inference_engine/include/inference_engine.hpp:13,
#17 1.313                  from /work/smoke/main.cpp:16:
#17 1.313 /work/stage/deployment_tools/inference_engine/include/ie_layers.h:89:48: note: declared here
#17 1.313    89 | class INFERENCE_ENGINE_INTERNAL_CNNLAYER_CLASS(CNNLayer) {
#17 1.313       |                                                ^~~~~~~~
#17 1.313 /work/stage/deployment_tools/inference_engine/include/ie_api.h:36:80: note: in definition of macro 'INFERENCE_ENGINE_API_CLASS'
#17 1.313    36 | #define INFERENCE_ENGINE_API_CLASS(...) __attribute__((visibility("default"))) __VA_ARGS__
#17 1.313       |                                                                                ^~~~~~~~~~~
#17 1.313 /work/stage/deployment_tools/inference_engine/include/ie_layers.h:89:7: note: in expansion of macro 'INFERENCE_ENGINE_INTERNAL_CNNLAYER_CLASS'
#17 1.313    89 | class INFERENCE_ENGINE_INTERNAL_CNNLAYER_CLASS(CNNLayer) {
#17 1.313       |       ^~~~~~~~~~~~~~~~~~~~~~~~~~~~~~~~~~~~~~~~
#17 1.313 In file included from /work/stage/deployment_tools/inference_engine/include/ie_iextension.h:23,
#17 1.313                  from /work/stage/deployment_tools/inference_engine/include/ie_icnn_network.hpp:21,
#17 1.313                  from /work/stage/deployment_tools/inference_engine/include/ie_icnn_net_reader.h:19,
#17 1.313                  from /work/stage/deployment_tools/inference_engine/include/cpp/ie_cnn_network.h:12,
#17 1.313                  from /work/stage/deployment_tools/inference_engine/include/cpp/ie_cnn_net_reader.h:20,
#17 1.313                  from /work/stage/deployment_tools/inference_engine/include/inference_engine.hpp:13,
#17 1.313                  from /work/smoke/main.cpp:16:
#17 1.313 /work/stage/deployment_tools/inference_engine/include/ie_layers.h:2046:19: warning: 'CNNLayer' is deprecated: Migrate to IR v10 and work with ngraph::Function directly. The method will be removed in 2021.1 [-Wdeprecated-declarations]
#17 1.313  2046 |     using CNNLayer::CNNLayer;
#17 1.313       |                   ^~
#17 1.314 In file included from /work/stage/deployment_tools/inference_engine/include/details/ie_exception.hpp:12,
#17 1.314                  from /work/stage/deployment_tools/inference_engine/include/ie_common.h:14,
#17 1.314                  from /work/stage/deployment_tools/inference_engine/include/details/ie_exception_conversion.hpp:11,
#17 1.314                  from /work/stage/deployment_tools/inference_engine/include/cpp/ie_cnn_net_reader.h:17,
#17 1.314                  from /work/stage/deployment_tools/inference_engine/include/inference_engine.hpp:13,
#17 1.314                  from /work/smoke/main.cpp:16:
#17 1.314 /work/stage/deployment_tools/inference_engine/include/ie_layers.h:89:48: note: declared here
#17 1.314    89 | class INFERENCE_ENGINE_INTERNAL_CNNLAYER_CLASS(CNNLayer) {
#17 1.314       |                                                ^~~~~~~~
#17 1.314 /work/stage/deployment_tools/inference_engine/include/ie_api.h:36:80: note: in definition of macro 'INFERENCE_ENGINE_API_CLASS'
#17 1.314    36 | #define INFERENCE_ENGINE_API_CLASS(...) __attribute__((visibility("default"))) __VA_ARGS__
#17 1.314       |                                                                                ^~~~~~~~~~~
#17 1.314 /work/stage/deployment_tools/inference_engine/include/ie_layers.h:89:7: note: in expansion of macro 'INFERENCE_ENGINE_INTERNAL_CNNLAYER_CLASS'
#17 1.314    89 | class INFERENCE_ENGINE_INTERNAL_CNNLAYER_CLASS(CNNLayer) {
#17 1.314       |       ^~~~~~~~~~~~~~~~~~~~~~~~~~~~~~~~~~~~~~~~
#17 1.314 In file included from /work/stage/deployment_tools/inference_engine/include/ie_iextension.h:23,
#17 1.314                  from /work/stage/deployment_tools/inference_engine/include/ie_icnn_network.hpp:21,
#17 1.314                  from /work/stage/deployment_tools/inference_engine/include/ie_icnn_net_reader.h:19,
#17 1.314                  from /work/stage/deployment_tools/inference_engine/include/cpp/ie_cnn_network.h:12,
#17 1.314                  from /work/stage/deployment_tools/inference_engine/include/cpp/ie_cnn_net_reader.h:20,
#17 1.314                  from /work/stage/deployment_tools/inference_engine/include/inference_engine.hpp:13,
#17 1.314                  from /work/smoke/main.cpp:16:
#17 1.314 /work/stage/deployment_tools/inference_engine/include/ie_layers.h:2064:19: warning: 'CNNLayer' is deprecated: Migrate to IR v10 and work with ngraph::Function directly. The method will be removed in 2021.1 [-Wdeprecated-declarations]
#17 1.314  2064 |     using CNNLayer::CNNLayer;
#17 1.314       |                   ^~
#17 1.314 In file included from /work/stage/deployment_tools/inference_engine/include/details/ie_exception.hpp:12,
#17 1.314                  from /work/stage/deployment_tools/inference_engine/include/ie_common.h:14,
#17 1.314                  from /work/stage/deployment_tools/inference_engine/include/details/ie_exception_conversion.hpp:11,
#17 1.314                  from /work/stage/deployment_tools/inference_engine/include/cpp/ie_cnn_net_reader.h:17,
#17 1.314                  from /work/stage/deployment_tools/inference_engine/include/inference_engine.hpp:13,
#17 1.314                  from /work/smoke/main.cpp:16:
#17 1.314 /work/stage/deployment_tools/inference_engine/include/ie_layers.h:89:48: note: declared here
#17 1.314    89 | class INFERENCE_ENGINE_INTERNAL_CNNLAYER_CLASS(CNNLayer) {
#17 1.314       |                                                ^~~~~~~~
#17 1.314 /work/stage/deployment_tools/inference_engine/include/ie_api.h:36:80: note: in definition of macro 'INFERENCE_ENGINE_API_CLASS'
#17 1.314    36 | #define INFERENCE_ENGINE_API_CLASS(...) __attribute__((visibility("default"))) __VA_ARGS__
#17 1.314       |                                                                                ^~~~~~~~~~~
#17 1.314 /work/stage/deployment_tools/inference_engine/include/ie_layers.h:89:7: note: in expansion of macro 'INFERENCE_ENGINE_INTERNAL_CNNLAYER_CLASS'
#17 1.314    89 | class INFERENCE_ENGINE_INTERNAL_CNNLAYER_CLASS(CNNLayer) {
#17 1.314       |       ^~~~~~~~~~~~~~~~~~~~~~~~~~~~~~~~~~~~~~~~
#17 1.314 In file included from /work/stage/deployment_tools/inference_engine/include/ie_iextension.h:23,
#17 1.314                  from /work/stage/deployment_tools/inference_engine/include/ie_icnn_network.hpp:21,
#17 1.314                  from /work/stage/deployment_tools/inference_engine/include/ie_icnn_net_reader.h:19,
#17 1.314                  from /work/stage/deployment_tools/inference_engine/include/cpp/ie_cnn_network.h:12,
#17 1.314                  from /work/stage/deployment_tools/inference_engine/include/cpp/ie_cnn_net_reader.h:20,
#17 1.314                  from /work/stage/deployment_tools/inference_engine/include/inference_engine.hpp:13,
#17 1.314                  from /work/smoke/main.cpp:16:
#17 1.314 /work/stage/deployment_tools/inference_engine/include/ie_layers.h:2098:19: warning: 'CNNLayer' is deprecated: Migrate to IR v10 and work with ngraph::Function directly. The method will be removed in 2021.1 [-Wdeprecated-declarations]
#17 1.314  2098 |     using CNNLayer::CNNLayer;
#17 1.314       |                   ^~
#17 1.314 In file included from /work/stage/deployment_tools/inference_engine/include/details/ie_exception.hpp:12,
#17 1.314                  from /work/stage/deployment_tools/inference_engine/include/ie_common.h:14,
#17 1.314                  from /work/stage/deployment_tools/inference_engine/include/details/ie_exception_conversion.hpp:11,
#17 1.314                  from /work/stage/deployment_tools/inference_engine/include/cpp/ie_cnn_net_reader.h:17,
#17 1.314                  from /work/stage/deployment_tools/inference_engine/include/inference_engine.hpp:13,
#17 1.314                  from /work/smoke/main.cpp:16:
#17 1.314 /work/stage/deployment_tools/inference_engine/include/ie_layers.h:89:48: note: declared here
#17 1.314    89 | class INFERENCE_ENGINE_INTERNAL_CNNLAYER_CLASS(CNNLayer) {
#17 1.314       |                                                ^~~~~~~~
#17 1.314 /work/stage/deployment_tools/inference_engine/include/ie_api.h:36:80: note: in definition of macro 'INFERENCE_ENGINE_API_CLASS'
#17 1.314    36 | #define INFERENCE_ENGINE_API_CLASS(...) __attribute__((visibility("default"))) __VA_ARGS__
#17 1.314       |                                                                                ^~~~~~~~~~~
#17 1.314 /work/stage/deployment_tools/inference_engine/include/ie_layers.h:89:7: note: in expansion of macro 'INFERENCE_ENGINE_INTERNAL_CNNLAYER_CLASS'
#17 1.314    89 | class INFERENCE_ENGINE_INTERNAL_CNNLAYER_CLASS(CNNLayer) {
#17 1.314       |       ^~~~~~~~~~~~~~~~~~~~~~~~~~~~~~~~~~~~~~~~
#17 1.314 In file included from /work/stage/deployment_tools/inference_engine/include/ie_iextension.h:23,
#17 1.314                  from /work/stage/deployment_tools/inference_engine/include/ie_icnn_network.hpp:21,
#17 1.314                  from /work/stage/deployment_tools/inference_engine/include/ie_icnn_net_reader.h:19,
#17 1.314                  from /work/stage/deployment_tools/inference_engine/include/cpp/ie_cnn_network.h:12,
#17 1.314                  from /work/stage/deployment_tools/inference_engine/include/cpp/ie_cnn_net_reader.h:20,
#17 1.314                  from /work/stage/deployment_tools/inference_engine/include/inference_engine.hpp:13,
#17 1.314                  from /work/smoke/main.cpp:16:
#17 1.314 /work/stage/deployment_tools/inference_engine/include/ie_layers.h:2128:19: warning: 'CNNLayer' is deprecated: Migrate to IR v10 and work with ngraph::Function directly. The method will be removed in 2021.1 [-Wdeprecated-declarations]
#17 1.314  2128 |     using CNNLayer::CNNLayer;
#17 1.314       |                   ^~
#17 1.314 In file included from /work/stage/deployment_tools/inference_engine/include/details/ie_exception.hpp:12,
#17 1.314                  from /work/stage/deployment_tools/inference_engine/include/ie_common.h:14,
#17 1.314                  from /work/stage/deployment_tools/inference_engine/include/details/ie_exception_conversion.hpp:11,
#17 1.314                  from /work/stage/deployment_tools/inference_engine/include/cpp/ie_cnn_net_reader.h:17,
#17 1.314                  from /work/stage/deployment_tools/inference_engine/include/inference_engine.hpp:13,
#17 1.314                  from /work/smoke/main.cpp:16:
#17 1.314 /work/stage/deployment_tools/inference_engine/include/ie_layers.h:89:48: note: declared here
#17 1.314    89 | class INFERENCE_ENGINE_INTERNAL_CNNLAYER_CLASS(CNNLayer) {
#17 1.314       |                                                ^~~~~~~~
#17 1.314 /work/stage/deployment_tools/inference_engine/include/ie_api.h:36:80: note: in definition of macro 'INFERENCE_ENGINE_API_CLASS'
#17 1.314    36 | #define INFERENCE_ENGINE_API_CLASS(...) __attribute__((visibility("default"))) __VA_ARGS__
#17 1.314       |                                                                                ^~~~~~~~~~~
#17 1.314 /work/stage/deployment_tools/inference_engine/include/ie_layers.h:89:7: note: in expansion of macro 'INFERENCE_ENGINE_INTERNAL_CNNLAYER_CLASS'
#17 1.314    89 | class INFERENCE_ENGINE_INTERNAL_CNNLAYER_CLASS(CNNLayer) {
#17 1.314       |       ^~~~~~~~~~~~~~~~~~~~~~~~~~~~~~~~~~~~~~~~
#17 1.318 In file included from /work/stage/deployment_tools/inference_engine/include/ie_icnn_network.hpp:21,
#17 1.318                  from /work/stage/deployment_tools/inference_engine/include/ie_icnn_net_reader.h:19,
#17 1.318                  from /work/stage/deployment_tools/inference_engine/include/cpp/ie_cnn_network.h:12,
#17 1.318                  from /work/stage/deployment_tools/inference_engine/include/cpp/ie_cnn_net_reader.h:20,
#17 1.318                  from /work/stage/deployment_tools/inference_engine/include/inference_engine.hpp:13,
#17 1.318                  from /work/smoke/main.cpp:16:
#17 1.318 /work/stage/deployment_tools/inference_engine/include/ie_iextension.h:320:94: warning: 'IShapeInferImpl' is deprecated: Implement ngraph::op::Op::validate_and_infer_types method in a custom ngraph operation [-Wdeprecated-declarations]
#17 1.318   320 |     StatusCode getShapeInferImpl(IShapeInferImpl::Ptr&, const char*, ResponseDesc*) noexcept override {
#17 1.318       |                                                                                              ^~~~~~~~
#17 1.318 In file included from /work/stage/deployment_tools/inference_engine/include/ie_icnn_network.hpp:21,
#17 1.318                  from /work/stage/deployment_tools/inference_engine/include/ie_icnn_net_reader.h:19,
#17 1.318                  from /work/stage/deployment_tools/inference_engine/include/cpp/ie_cnn_network.h:12,
#17 1.318                  from /work/stage/deployment_tools/inference_engine/include/cpp/ie_cnn_net_reader.h:20,
#17 1.318                  from /work/stage/deployment_tools/inference_engine/include/inference_engine.hpp:13,
#17 1.318                  from /work/smoke/main.cpp:16:
#17 1.318 /work/stage/deployment_tools/inference_engine/include/ie_iextension.h:186:125: note: declared here
#17 1.318   186 | class INFERENCE_ENGINE_DEPRECATED("Implement ngraph::op::Op::validate_and_infer_types method in a custom ngraph operation") IShapeInferImpl {
#17 1.318       |                                                                                                                             ^~~~~~~~~~~~~~~
#17 1.426 In file included from /work/stage/deployment_tools/inference_engine/include/ie_plugin_ptr.hpp:15,
#17 1.426                  from /work/stage/deployment_tools/inference_engine/include/cpp/ie_infer_request.hpp:18,
#17 1.426                  from /work/stage/deployment_tools/inference_engine/include/cpp/ie_executable_network.hpp:19,
#17 1.426                  from /work/stage/deployment_tools/inference_engine/include/inference_engine.hpp:19,
#17 1.426                  from /work/smoke/main.cpp:16:
#17 1.426 /work/stage/deployment_tools/inference_engine/include/ie_extension.h:261:109: warning: 'IShapeInferImpl' is deprecated: Implement ngraph::op::Op::validate_and_infer_types method in a custom ngraph operation [-Wdeprecated-declarations]
#17 1.426   261 |     StatusCode getShapeInferImpl(IShapeInferImpl::Ptr& impl, const char* type, ResponseDesc* resp) noexcept override {
#17 1.426       |                                                                                                             ^~~~~~~~
#17 1.426 In file included from /work/stage/deployment_tools/inference_engine/include/ie_icnn_network.hpp:21,
#17 1.426                  from /work/stage/deployment_tools/inference_engine/include/ie_icnn_net_reader.h:19,
#17 1.426                  from /work/stage/deployment_tools/inference_engine/include/cpp/ie_cnn_network.h:12,
#17 1.426                  from /work/stage/deployment_tools/inference_engine/include/cpp/ie_cnn_net_reader.h:20,
#17 1.426                  from /work/stage/deployment_tools/inference_engine/include/inference_engine.hpp:13,
#17 1.426                  from /work/smoke/main.cpp:16:
#17 1.426 /work/stage/deployment_tools/inference_engine/include/ie_iextension.h:186:125: note: declared here
#17 1.426   186 | class INFERENCE_ENGINE_DEPRECATED("Implement ngraph::op::Op::validate_and_infer_types method in a custom ngraph operation") IShapeInferImpl {
#17 1.426       |                                                                                                                             ^~~~~~~~~~~~~~~
#17 1.459 In file included from /work/stage/deployment_tools/inference_engine/include/ie_plugin.hpp:24,
#17 1.459                  from /work/stage/deployment_tools/inference_engine/include/ie_plugin_ptr.hpp:16,
#17 1.459                  from /work/stage/deployment_tools/inference_engine/include/cpp/ie_infer_request.hpp:18,
#17 1.459                  from /work/stage/deployment_tools/inference_engine/include/cpp/ie_executable_network.hpp:19,
#17 1.459                  from /work/stage/deployment_tools/inference_engine/include/inference_engine.hpp:19,
#17 1.459                  from /work/smoke/main.cpp:16:
#17 1.459 /work/stage/deployment_tools/inference_engine/include/ie_iexecutable_network.hpp:115:91: warning: 'PrimitiveInfo' is deprecated: Use ExecutableNetwork::GetExecGraphInfo to get information about an internal graph [-Wdeprecated-declarations]
#17 1.459   115 |     virtual StatusCode GetMappedTopology(std::map<std::string, std::vector<PrimitiveInfo::Ptr>>& deployedTopology,
#17 1.459       |                                                                                           ^~~
#17 1.459 In file included from /work/stage/deployment_tools/inference_engine/include/ie_iexecutable_network.hpp:23,
#17 1.459                  from /work/stage/deployment_tools/inference_engine/include/ie_plugin.hpp:24,
#17 1.459                  from /work/stage/deployment_tools/inference_engine/include/ie_plugin_ptr.hpp:16,
#17 1.459                  from /work/stage/deployment_tools/inference_engine/include/cpp/ie_infer_request.hpp:18,
#17 1.459                  from /work/stage/deployment_tools/inference_engine/include/cpp/ie_executable_network.hpp:19,
#17 1.459                  from /work/stage/deployment_tools/inference_engine/include/inference_engine.hpp:19,
#17 1.459                  from /work/smoke/main.cpp:16:
#17 1.459 /work/stage/deployment_tools/inference_engine/include/ie_primitive_info.hpp:27:122: note: declared here
#17 1.459    27 | struct INFERENCE_ENGINE_DEPRECATED("Use ExecutableNetwork::GetExecGraphInfo to get information about an internal graph") PrimitiveInfo {
#17 1.459       |                                                                                                                          ^~~~~~~~~~~~~
#17 3.409 [100%] Linking CXX executable hello_myriad
#17 3.556 [100%] Built target hello_myriad
#17 3.568 + readelf -h /work/smoke-build/hello_myriad
#17 3.568 + head -12
#17 3.568 ELF Header:
#17 3.568   Magic:   7f 45 4c 46 01 01 01 00 00 00 00 00 00 00 00 00 
#17 3.568   Class:                             ELF32
#17 3.568   Data:                              2's complement, little endian
#17 3.568   Version:                           1 (current)
#17 3.568   OS/ABI:                            UNIX - System V
#17 3.568   ABI Version:                       0
#17 3.568   Type:                              DYN (Shared object file)
#17 3.568   Machine:                           ARM
#17 3.568   Version:                           0x1
#17 3.568   Entry point address:               0x44d1
#17 3.568   Start of program headers:          52 (bytes into file)
#17 3.568 + LD_LIBRARY_PATH=/work/stage/deployment_tools/inference_engine/lib/armv7l:/work/stage/deployment_tools/ngraph/lib ldd /work/smoke-build/hello_myriad
#17 3.572 	linux-vdso.so.1 (0xf73cc000)
#17 3.572 	libinference_engine.so => /work/stage/deployment_tools/inference_engine/lib/armv7l/libinference_engine.so (0xf7234000)
#17 3.572 	libinference_engine_legacy.so => /work/stage/deployment_tools/inference_engine/lib/armv7l/libinference_engine_legacy.so (0xf7040000)
#17 3.572 	libstdc++.so.6 => /usr/lib/arm-linux-gnueabihf/libstdc++.so.6 (0xf6f04000)
#17 3.572 	libgcc_s.so.1 => /lib/arm-linux-gnueabihf/libgcc_s.so.1 (0xf6ed0000)
#17 3.572 	libc.so.6 => /lib/arm-linux-gnueabihf/libc.so.6 (0xf6dd0000)
#17 3.572 	libinference_engine_transformations.so => /work/stage/deployment_tools/inference_engine/lib/armv7l/libinference_engine_transformations.so (0xf6ce0000)
#17 3.572 	libdl.so.2 => /lib/arm-linux-gnueabihf/libdl.so.2 (0xf6ccc000)
#17 3.572 	libngraph.so => /work/stage/deployment_tools/ngraph/lib/libngraph.so (0xf6714000)
#17 3.572 	libm.so.6 => /lib/arm-linux-gnueabihf/libm.so.6 (0xf66ac000)
#17 3.572 	libpthread.so.0 => /lib/arm-linux-gnueabihf/libpthread.so.0 (0xf6684000)
#17 3.572 	/lib/ld-linux-armhf.so.3 (0xf73d0000)
#17 DONE 3.7s

#18 [runtime 2/8] RUN set -eux;     printf 'deb http://snapshot.debian.org/archive/debian/%s bullseye main\ndeb http://snapshot.debian.org/archive/debian-security/%s bullseye-security main\ndeb http://snapshot.debian.org/archive/debian/%s bullseye-updates main\n'         "20260824T000000Z" "20260824T000000Z" "20260824T000000Z" > /etc/apt/sources.list;     apt -o Acquire::Retries=5 -o Acquire::Check-Valid-Until=false -o Acquire::Check-Date=false update;     apt-get -o Acquire::Retries=5 install -y --no-install-recommends         libusb-1.0-0         ca-certificates         python3;     rm -rf /var/lib/apt/lists/*
#18 CACHED

#19 [runtime 6/8] COPY container-entry.sh /opt/openvino-demo/run.sh
#19 CACHED

#20 [runtime 7/8] RUN chmod +x /opt/openvino-demo/run.sh /opt/openvino/bin/hello_myriad     && ls -l /opt/openvino /opt/openvino/inference_engine/lib/*/     && LD_LIBRARY_PATH="$(ls -d /opt/openvino/inference_engine/lib/*/):/opt/openvino/ngraph/lib"        /opt/openvino/bin/hello_myriad --help
#20 CACHED

#21 [runtime 3/8] COPY --from=builder /work/stage/deployment_tools /opt/openvino/
#21 CACHED

#22 [runtime 4/8] COPY --from=smoke /work/smoke-build/hello_myriad /opt/openvino/bin/hello_myriad
#22 CACHED

#23 [runtime 5/8] COPY --from=smoke /work/smoke/model /opt/openvino-demo/model
#23 CACHED

#24 [runtime 8/8] WORKDIR /opt/openvino-demo
#24 CACHED

#25 exporting to image
#25 exporting layers done
#25 exporting manifest sha256:0e40741c586b9641b153fd218602d571a9e12ecc1a6462cc0a6eadb33d75398c done
#25 exporting config sha256:2a4ef9be328db78118f7c2c035887908b82b78778ce8e56b16aa9913347d1aee 0.1s done
#25 naming to docker.io/library/openvino-2020.3-rpi5:latest
#25 naming to docker.io/library/openvino-2020.3-rpi5:latest done
#25 unpacking to docker.io/library/openvino-2020.3-rpi5:latest 0.0s done
#25 DONE 0.2s

[1m== built openvino-2020.3-rpi5:latest ==[0m
IMAGE                         ID             DISK USAGE   CONTENT SIZE   EXTRA
openvino-2020.3-rpi5:latest   0e40741c586b        263MB         75.6MB        

next: ./run.sh            (device enumeration + tiny-model inference)
      ./run.sh --list-only
      ./run.sh shell
